DEPARTAMENTO_CIRCUNSCRICAO,SECCIONAL_CIRCUNSCRICAO,MUNICIPIO_CIRCUNSCRICAO,DP_CIRCUNSCRICAO ,HD,Nº DE VÍT HD,ID_DELEGACIA,MÊS ESTATISTICA,ANO ESTATISTICA,DATAHORA_REGISTRO_BO,NUM_BO,ANO_BO,MUNICIPIO_ELABORACAO,DP_ELABORACAO,SEC_ELABORACAO,DEP_ELABORACAO,DATA_FATO,HORA_FATO,DESC_TIPOLOCAL,LOGRADOURO,NUMERO_LOGRADOURO,LATITUDE,LONGITUDE,TIPO_PESSOA,SEXO_PESSOA,IDADE_PESSOA,DATA_NASCIMENTO_PESSOA,COR_PELE,PROFISSAO,NATUREZA_APURADA,DESDOBRAMENTO
DECAP,4ª SEC,São Paulo,045 DP - Vila Brasilândia,1,1,20145,1,2020,1/29/2020,218,2020,S.PAULO,45º D.P. V BRASILANDIA,DEL.SEC.4º NORTE,DECAP,1/29/2020,10:55:00 AM,Residência,DA VEDAÇÃO DA DIVULGAÇÃO DOS DADOS RELATIVOS ,,,,Vítima,Feminino,27,4/19/1992,Parda,BALCONISTA,HOMICÍDIO DOLOSO,Feminicídio-contra a mulher por razões da condição de sexo feminino
DECAP,4ª SEC,São Paulo,074 DP - Jaraguá,1,1,10335,1,2020,1/25/2020,416,2020,S.PAULO,72º D.P. VILA PENTEADO,DEL.SEC.4º NORTE,DECAP,1/25/2020,07:00:00 AM,Residência,DA VEDAÇÃO DA DIVULGAÇÃO DOS DADOS RELATIVOS ,,,,Vítima,Feminino,21,10/10/1998,Branca,VENDEDOR(A),HOMICÍDIO DOLOSO,Feminicídio-contra a mulher por razões da condição de sexo feminino
DECAP,6ª SEC,São Paulo,100 DP - Jardim Herculano,1,1,10247,1,2020,1/4/2020,115,2020,S.PAULO,47º D.P. CAPAO REDONDO,DEL.SEC.6º SANTO AMARO,DECAP,1/3/2020,11:23:00 PM,Residência,DA VEDAÇÃO DA DIVULGAÇÃO DOS DADOS RELATIVOS ,,,,Vítima,Feminino,28,2/14/1991,Branca,AUXILIAR DE ESCRITÓRIO,HOMICÍDIO DOLOSO,Feminicídio-contra a mulher por razões da condição de sexo feminino
DECAP,8ª SEC,São Paulo,044 DP - Guaianazes,1,1,20244,1,2020,1/13/2020,242,2020,S.PAULO,44º D.P. GUAIANAZES,DEL.SEC.8º SAO MATEUS,DECAP,1/13/2020,02:10:00 PM,Residência,DA VEDAÇÃO DA DIVULGAÇÃO DOS DADOS RELATIVOS ,,,,Vítima,Feminino,29,7/6/1990,Parda,NULL,HOMICÍDIO DOLOSO,Feminicídio-contra a mulher por razões da condição de sexo feminino
DEINTER 1,SEC São José Campos,São José dos Campos,003 DP - São Jose dos Campos,1,1,130314,1,2020,1/14/2020,112,2020,S.JOSE DOS CAMPOS,DDM SAO JOSE DOS CAMPOS,DEL.SEC.S.JOSÉ DOS CAMPOS,DEINTER 1 - SAO JOSE DOS CAMPOS,1/14/2020,EM HORA INCERTA,Residência,DA VEDAÇÃO DA DIVULGAÇÃO DOS DADOS RELATIVOS ,,,,Vítima,Feminino,57,6/2/1962,Parda,BALCONISTA,HOMICÍDIO DOLOSO,Feminicídio-contra a mulher por razões da condição de sexo feminino
DEINTER 2,1ª Seccional Campinas,Campinas,003 DP - Campinas,1,1,120557,1,2020,1/3/2020,31,2020,CAMPINAS,PLANTÃO-DEF.MUL.CAMPINAS-2ªSEC,DEL.SEC.2º CAMPINAS,DEINTER 2 - CAMPINAS,1/3/2020,06:03:00 PM,Escritório,RUA CÉLSO EGÍDIO SOUZA SANTOS,688,-22.8853469706666,-47.0768468016666,Vítima,Feminino,29,8/8/1990,Branca,ASSISTENTE ADMINISTRATIVO,HOMICÍDIO DOLOSO,Feminicídio-contra a mulher por razões da condição de sexo feminino
DEINTER 3,SEC São Joaquim da Barra,Morro Agudo,DM - Morro Agudo,1,1,100412,1,2020,1/8/2020,25,2020,MORRO AGUDO,DEL.POL.MORRO AGUDO,DEL.SEC.S. JOAQUIM DA BARRA,DEINTER 3 - RIBEIRAO PRETO,1/8/2020,01:35:00 PM,Residência,DA VEDAÇÃO DA DIVULGAÇÃO DOS DADOS RELATIVOS ,,,,Vítima,Feminino,23,4/23/1996,Parda,PRENDAS DOMESTICAS,HOMICÍDIO DOLOSO,Feminicídio-contra a mulher por razões da condição de sexo feminino
DEINTER 4,SEC Marília,Marília,001 DP - Marília,1,1,80221,1,2020,1/28/2020,4,2020,MARILIA,DDM MARILIA,DEL.SEC.MARILIA,DEINTER 4 - BAURU,1/28/2020,05:36:00 AM,Via pública,AVENIDA SAMPAIO VIDAL,674,-22.1574240437777,-49.9994151722444,Vítima,Feminino,35,7/19/1984,Branca,NAO INFORMADA,HOMICÍDIO DOLOSO,Feminicídio-contra a mulher por razões da condição de sexo feminino
DEINTER 9,SEC Casa Branca,Mococa,001 DP - Mococa,1,1,70207,1,2020,1/24/2020,283,2020,MOCOCA,DEL.POL.MOCOCA,DEL.SEC.CASA BRANCA,DEINTER 9 - PIRACICABA,1/24/2020,08:25:00 AM,Residência,DA VEDAÇÃO DA DIVULGAÇÃO DOS DADOS RELATIVOS ,,,,Vítima,Feminino,44,6/24/1975,Branca,NAO INFORMADA,HOMICÍDIO DOLOSO,Feminicídio-contra a mulher por razões da condição de sexo feminino
DEINTER 9,SEC Rio Claro,Brotas,DM - Brotas,1,1,70613,1,2020,1/27/2020,86,2020,BROTAS,DEL.POL.BROTAS,DEL.SEC.RIO CLARO,DEINTER 9 - PIRACICABA,1/27/2020,06:00:00 AM,Unidade rural,CHÁCARA DOS IPES,1,-22.2901465292127,-48.1234044641276,Vítima,Feminino,49,6/12/1970,Branca,LAVRADOR(A),HOMICÍDIO DOLOSO,Feminicídio-contra a mulher por razões da condição de sexo feminino
DEINTER 9,SEC Rio Claro,Brotas,DM - Brotas,,1,70613,1,2020,1/27/2020,86,2020,BROTAS,DEL.POL.BROTAS,DEL.SEC.RIO CLARO,DEINTER 9 - PIRACICABA,1/27/2020,06:00:00 AM,Unidade rural,CHÁCARA DOS IPES,1,-22.2901465292127,-48.1234044641276,Vítima,Feminino,56,3/29/1963,Branca,NULL,HOMICÍDIO DOLOSO,Feminicídio-contra a mulher por razões da condição de sexo feminino
DEMACRO,SEC Osasco,Osasco,010 DP - Osasco,1,1,30440,1,2020,1/9/2020,121,2020,OSASCO,10º D.P. OSASCO,DEL.SEC.OSASCO,DEMACRO,1/9/2020,06:15:00 AM,Residência,DA VEDAÇÃO DA DIVULGAÇÃO DOS DADOS RELATIVOS ,,,,Vítima,Feminino,31,1/12/1988,Branca,ELETRICISTA,HOMICÍDIO DOLOSO,Feminicídio-contra a mulher por razões da condição de sexo feminino
DECAP,3ª SEC,São Paulo,075 DP - Jardim Arpoador,1,1,10339,2,2020,2/19/2020,560,2020,S.PAULO,75º D.P. JARDIM ARPOADOR,DEL.SEC.3º OESTE,DECAP,2/19/2020,10:30:00 AM,Residência,DA VEDAÇÃO DA DIVULGAÇÃO DOS DADOS RELATIVOS ,,,,Vítima,Feminino,32,5/15/1987,Parda,NULL,HOMICÍDIO DOLOSO,Feminicídio-contra a mulher por razões da condição de sexo feminino
DECAP,4ª SEC,São Paulo,013 DP - Casa Verde,1,1,20113,2,2020,2/13/2020,1216,2020,S.PAULO,13º D.P. CASA VERDE,DEL.SEC.4º NORTE,DECAP,2/13/2020,09:00:00 AM,Residência,DA VEDAÇÃO DA DIVULGAÇÃO DOS DADOS RELATIVOS ,,,,Vítima,Feminino,27,7/5/1992,Parda,OUTROS,HOMICÍDIO DOLOSO,Feminicídio-contra a mulher por razões da condição de sexo feminino
DECAP,4ª SEC,São Paulo,073 DP - Jaçanã,1,1,10336,2,2020,2/21/2020,1598,2020,S.PAULO,73º D.P. JACANA,DEL.SEC.4º NORTE,DECAP,2/21/2020,07:40:00 AM,Via pública,AVENIDA MENDES DA ROCHA,779,-23.4812824838235,-46.571454000647,Vítima,Feminino,24,6/29/1995,Parda,NAO INFORMADA,HOMICÍDIO DOLOSO,Feminicídio-contra a mulher por razões da condição de sexo feminino
DECAP,5ª SEC,São Paulo,081 DP - Belém,1,1,20231,2,2020,2/15/2020,663,2020,S.PAULO,31º D.P. VILA CARRAO,DEL.SEC.5º LESTE,DECAP,2/15/2020,02:15:00 PM,Residência,DA VEDAÇÃO DA DIVULGAÇÃO DOS DADOS RELATIVOS ,,,,Vítima,Feminino,23,4/7/1996,Parda,CABELEIREIRO(A),HOMICÍDIO DOLOSO,Feminicídio-contra a mulher por razões da condição de sexo feminino
DECAP,6ª SEC,São Paulo,047 DP - Capão Redondo,1,1,10247,2,2020,2/21/2020,1872,2020,S.PAULO,47º D.P. CAPAO REDONDO,DEL.SEC.6º SANTO AMARO,DECAP,2/18/2020,07:30:00 PM,Comércio e serviços,RUA WALDEMAR ORTEGA,451,-23.6744790731551,-46.7823581282605,Vítima,Feminino,27,12/18/1992,Parda,CABELEIREIRO(A),HOMICÍDIO DOLOSO,Feminicídio-contra a mulher por razões da condição de sexo feminino
DEINTER 1,SEC Guaratinguetá,Cunha,DM - Cunha,1,1,130514,2,2020,2/25/2020,304,2020,GUARATINGUETA,DEL.SEC.GUARATINGUETA PLANTÃO,DEL.SEC.GUARATINGUETA,DEINTER 1 - SAO JOSE DOS CAMPOS,2/24/2020,08:15:00 PM,Residência,DA VEDAÇÃO DA DIVULGAÇÃO DOS DADOS RELATIVOS ,,,,Vítima,Feminino,37,4/14/1982,Branca,PRENDAS DOMESTICAS,HOMICÍDIO DOLOSO,Feminicídio-contra a mulher por razões da condição de sexo feminino
DEINTER 1,SEC Taubaté,Pindamonhangaba,002 DP - Pindamonhangaba,1,1,130517,2,2020,2/8/2020,225,2020,PINDAMONHANGABA,DEL.POL.PLANTÃO PINDA,DEL.SEC.TAUBATÉ,DEINTER 1 - SAO JOSE DOS CAMPOS,2/8/2020,01:04:00 AM,Via pública,AVENIDA JOSÉ AUGUSTO MESQUITA,98,-22.91346772404,-45.3659032807599,Vítima,Feminino,30,2/2/1990,Parda,NAO INFORMADA,HOMICÍDIO DOLOSO,Feminicídio-contra a mulher por razões da condição de sexo feminino
DEINTER 2,SEC Bragança Paulista,Bragança Paulista,003 DP - Bragança Pta.,1,1,70929,2,2020,2/26/2020,1212,2020,BRAGANCA PAULISTA,DEL.SEC.BRAGANÇA PTA PLANTÃO,DEL.SEC.BRAGANÇA PAULISTA,DEINTER 2 - CAMPINAS,2/26/2020,02:27:00 AM,Residência,DA VEDAÇÃO DA DIVULGAÇÃO DOS DADOS RELATIVOS ,,,,Vítima,Feminino,27,9/30/2000,Branca,DESEMPREGADO(A),HOMICÍDIO DOLOSO,Feminicídio-contra a mulher por razões da condição de sexo feminino
DEINTER 2,SEC Jundiaí,Jundiaí,004 DP - Jundiai,1,1,70416,2,2020,2/19/2020,218,2020,JUNDIAI,DDM JUNDIAI,DEL.SEC.JUNDIAI,DEINTER 2 - CAMPINAS,2/19/2020,12:46:00 PM,Via pública,AVENIDA SÃO PAULO,1311,-23.2070088442372,-46.8645572637588,Vítima,Feminino,42,10/12/1977,Parda,NAO INFORMADA,HOMICÍDIO DOLOSO,Feminicídio-contra a mulher por razões da condição de sexo feminino
DEINTER 3,SEC Franca,Franca,004 DP - Franca,1,1,100910,2,2020,2/2/2020,670,2020,FRANCA,DEL.SEC.FRANCA PLANTÃO,DEL.SEC.FRANCA,DEINTER 3 - RIBEIRAO PRETO,2/2/2020,05:20:00 PM,Lazer e recreação,RUA MANOEL JACINTO NETO (NHONHO),2045,-20.577922497,-47.34569884,Vítima,Feminino,28,2/7/1991,Branca,AUTONOMO(A),HOMICÍDIO DOLOSO,Feminicídio-contra a mulher por razões da condição de sexo feminino
DEINTER 3,SEC Sertãozinho,Jaboticabal,DM - Jaboticabal,1,1,100917,2,2020,2/8/2020,399,2020,JABOTICABAL,DEL.POL.PLANTÃO JABOTICABAL,DEL.SEC.SERTÃOZINHO,DEINTER 3 - RIBEIRAO PRETO,2/8/2020,12:00:00 AM,Residência,DA VEDAÇÃO DA DIVULGAÇÃO DOS DADOS RELATIVOS ,,,,Vítima,Feminino,51,5/31/1968,Branca,PRENDAS DOMESTICAS,HOMICÍDIO DOLOSO,Feminicídio-contra a mulher por razões da condição de sexo feminino
DEINTER 7,SEC Avaré,Itaporanga,DM - Itaporanga,1,1,120108,2,2020,2/9/2020,152,2020,TAQUARITUBA,DEL.POL.TAQUARITUBA,DEL.SEC.AVARE,DEINTER 7 - SOROCABA,2/9/2020,07:37:00 PM,Rodovia/Estrada,RODOVIA jurandir siciliano,99999,-23.7091747929999,-49.489067512,Vítima,Feminino,26,11/10/1993,Branca,PRENDAS DOMESTICAS,HOMICÍDIO DOLOSO,Feminicídio-contra a mulher por razões da condição de sexo feminino
DEINTER 7,SEC Sorocaba,Itu,002 DP - Itú,1,1,120610,2,2020,2/17/2020,427,2020,ITU,DEL.POL.PLANTÃO ITU,DEL.SEC.SOROCABA,DEINTER 7 - SOROCABA,2/16/2020,11:40:00 PM,Residência,DA VEDAÇÃO DA DIVULGAÇÃO DOS DADOS RELATIVOS ,,,,Vítima,Feminino,29,9/5/1990,Branca,NULL,HOMICÍDIO DOLOSO,Feminicídio-contra a mulher por razões da condição de sexo feminino
DEINTER 9,SEC Americana,Hortolândia,002 DP - Hortolândia,1,1,70928,2,2020,2/15/2020,402,2020,HORTOLANDIA,DEL.POL.PLANTÃO HORTOLÂNDIA,DEL.SEC.AMERICANA,DEINTER 9 - PIRACICABA,2/14/2020,08:50:00 PM,Residência,DA VEDAÇÃO DA DIVULGAÇÃO DOS DADOS RELATIVOS ,,,,Vítima,Feminino,52,12/15/1967,Parda,RECEPCIONISTA,HOMICÍDIO DOLOSO,Feminicídio-contra a mulher por razões da condição de sexo feminino
DEINTER 9,SEC Americana,Santa Bárbara D'Oeste,003 DP - Sta. Barbara do Oeste,1,1,70925,2,2020,2/22/2020,386,2020,S.BARBARA D OESTE,DEL.POL.PLANTÃO S.BARB.DOESTE,DEL.SEC.AMERICANA,DEINTER 9 - PIRACICABA,2/22/2020,11:00:00 AM,Residência,DA VEDAÇÃO DA DIVULGAÇÃO DOS DADOS RELATIVOS ,,,,Vítima,Feminino,35,2/27/1984,Branca,NULL,HOMICÍDIO DOLOSO,Feminicídio-contra a mulher por razões da condição de sexo feminino
DEMACRO,SEC Carapicuíba,Carapicuíba,002 DP - Carapicuiba,1,1,30427,2,2020,2/10/2020,913,2020,CARAPICUIBA,01º D.P. CARAPICUIBA,DEL.SEC.CARAPICUIBA,DEMACRO,2/10/2020,01:05:00 AM,Residência,DA VEDAÇÃO DA DIVULGAÇÃO DOS DADOS RELATIVOS ,,,,Vítima,Feminino,22,2/10/1998,Preta,NULL,HOMICÍDIO DOLOSO,Feminicídio-contra a mulher por razões da condição de sexo feminino
DEMACRO,SEC Mogi das Cruzes,Mogi das Cruzes,003 DP - Mogi das Cruzes,1,1,30311,2,2020,2/10/2020,217,2020,MOGI DAS CRUZES,03º D.P. MOGI DAS CRUZES,DEL.SEC.MOGI DAS CRUZES,DEMACRO,2/10/2020,PELA MANHÃ,Hospedagem,RODOVIA MOGI-DUTRA,200,-23.5059896463306,-46.2113523738031,Vítima,Feminino,25,6/14/1994,Parda,AUTONOMO(A),HOMICÍDIO DOLOSO,Feminicídio-contra a mulher por razões da condição de sexo feminino
DEMACRO,SEC Osasco,Osasco,002 DP - Osasco,1,1,30418,2,2020,2/25/2020,1159,2020,OSASCO,05º D.P. OSASCO,DEL.SEC.OSASCO,DEMACRO,2/25/2020,12:19:00 PM,Residência,DA VEDAÇÃO DA DIVULGAÇÃO DOS DADOS RELATIVOS ,,,,Vítima,Feminino,61,12/15/1958,Parda,APOSENTADO(A),HOMICÍDIO DOLOSO,Feminicídio-contra a mulher por razões da condição de sexo feminino
DECAP,5ª SEC,São Paulo,029 DP - Vila Diva,1,1,10310,3,2020,3/16/2020,1469,2020,S.PAULO,56º D.P. VILA ALPINA,DEL.SEC.5º LESTE,DECAP,3/16/2020,09:00:00 PM,Residência,DA VEDAÇÃO DA DIVULGAÇÃO DOS DADOS RELATIVOS ,,,,Vítima,Feminino,33,9/16/1986,Branca,POLICIAL CIVIL,HOMICÍDIO DOLOSO,Feminicídio-contra a mulher por razões da condição de sexo feminino
DECAP,8ª SEC,São Paulo,069 DP - Teotônio Vilela,1,1,200100,3,2020,3/29/2020,191,2020,S.PAULO,DHPP DIV. HOMICIDIOS,DHPP - DEP. HOM. PROTECAO PESSOA,DHPP,3/29/2020,08:30:00 AM,Via pública,RUA ernesto duprat,333,NULL,NULL,Vítima,Feminino,24,3/14/1996,Parda,ESTUDANTE,HOMICÍDIO DOLOSO,Feminicídio-contra a mulher por razões da condição de sexo feminino
DEINTER 1,SEC Guaratinguetá,Potim,DM - Potim,1,1,130201,3,2020,3/5/2020,632,2020,APARECIDA,DEL.POL.APARECIDA,DEL.SEC.GUARATINGUETA,DEINTER 1 - SAO JOSE DOS CAMPOS,3/4/2020,06:32:00 PM,Via pública,RUA sao pedro,363,NULL,NULL,Vítima,Feminino,69,8/15/1950,Branca,NULL,HOMICÍDIO DOLOSO,Feminicídio-contra a mulher por razões da condição de sexo feminino
DEINTER 10,SEC Araçatuba,Birigui,DM - Birigui,1,1,50309,3,2020,3/15/2020,1134,2020,BIRIGUI,DEL.POL.PLANTÃO BIRIGUI,DEL.SEC.ARACATUBA,DEINTER 10 - ARAÇATUBA,3/15/2020,EM HORA INCERTA,Via pública,RUA fabiano fani de nicola,652,NULL,NULL,Vítima,Feminino,27,3/16/1992,Branca,AUTONOMO(A),HOMICÍDIO DOLOSO,Feminicídio-contra a mulher por razões da condição de sexo feminino
DEINTER 10,SEC Araçatuba,Buritama,DM - Buritama,1,1,50228,3,2020,3/18/2020,218,2020,BURITAMA,DEL.POL.BURITAMA,DEL.SEC.ARACATUBA,DEINTER 10 - ARAÇATUBA,3/18/2020,12:20:00 PM,Residência,DA VEDAÇÃO DA DIVULGAÇÃO DOS DADOS RELATIVOS ,,,,Vítima,Feminino,54,6/4/1965,Branca,NULL,HOMICÍDIO DOLOSO,Feminicídio-contra a mulher por razões da condição de sexo feminino
DEINTER 2,2ª Seccional Campinas,Campinas,009 DP - Campinas,1,1,70005,3,2020,3/10/2020,28,2020,CAMPINAS,01ª DEL. SEC. CAMPINAS - SHPP,DEL.SEC.1º CAMPINAS,DEINTER 2 - CAMPINAS,3/7/2020,08:30:00 PM,Residência,DA VEDAÇÃO DA DIVULGAÇÃO DOS DADOS RELATIVOS ,,,,Vítima,Feminino,34,5/14/1985,Preta,NULL,HOMICÍDIO DOLOSO,Feminicídio-contra a mulher por razões da condição de sexo feminino
DEINTER 2,2ª Seccional Campinas,Campinas,009 DP - Campinas,1,1,120557,3,2020,3/1/2020,567,2020,CAMPINAS,PLANTÃO-DEF.MUL.CAMPINAS-2ªSEC,DEL.SEC.2º CAMPINAS,DEINTER 2 - CAMPINAS,3/1/2020,06:30:00 PM,Residência,DA VEDAÇÃO DA DIVULGAÇÃO DOS DADOS RELATIVOS ,,,,Vítima,Feminino,57,10/3/1962,Parda,NAO INFORMADA,HOMICÍDIO DOLOSO,Feminicídio-contra a mulher por razões da condição de sexo feminino
DEINTER 2,SEC Bragança Paulista,Atibaia,003 DP - Atibaia,1,1,70934,3,2020,3/21/2020,2293,2020,ATIBAIA,DEL.POL.PLANTÃO ATIBAIA,DEL.SEC.BRAGANÇA PAULISTA,DEINTER 2 - CAMPINAS,3/21/2020,08:00:00 PM,Residência,DA VEDAÇÃO DA DIVULGAÇÃO DOS DADOS RELATIVOS ,,,,Vítima,Feminino,44,1/10/1976,Branca,NULL,HOMICÍDIO DOLOSO,Feminicídio-contra a mulher por razões da condição de sexo feminino
DEINTER 2,SEC Jundiaí,Itatiba,DM - Itatiba,1,1,70948,3,2020,3/15/2020,1232,2020,ITATIBA,DEL.POL.PLANTÃO ITATIBA,DEL.SEC.JUNDIAI,DEINTER 2 - CAMPINAS,3/15/2020,07:08:00 PM,Lazer e recreação,RUA BRUNO DE SORDI,300,-22.9950201862169,-46.8508648424337,Vítima,Feminino,29,9/20/1990,Branca,ESTETICISTA,HOMICÍDIO DOLOSO,Feminicídio-contra a mulher por razões da condição de sexo feminino
DEINTER 4,SEC Lins,Sabino,DM - Sabino,1,1,60405,3,2020,3/7/2020,1790,2020,LINS,CPJ LINS,DEL.SEC.LINS,DEINTER 4 - BAURU,3/7/2020,12:40:00 AM,Residência,DA VEDAÇÃO DA DIVULGAÇÃO DOS DADOS RELATIVOS ,,,,Vítima,Feminino,27,5/14/1992,Branca,DESEMPREGADO,HOMICÍDIO DOLOSO,Feminicídio-contra a mulher por razões da condição de sexo feminino
DEINTER 4,SEC Lins,Sabino,DM - Sabino,,1,60405,3,2020,3/7/2020,1790,2020,LINS,CPJ LINS,DEL.SEC.LINS,DEINTER 4 - BAURU,3/7/2020,12:40:00 AM,Residência,DA VEDAÇÃO DA DIVULGAÇÃO DOS DADOS RELATIVOS ,,,,Vítima,Feminino,44,2/24/1976,Branca,NAO INFORMADA,HOMICÍDIO DOLOSO,Feminicídio-contra a mulher por razões da condição de sexo feminino
DEINTER 6,SEC Itanhaém,Itanhaém,002 DP - Itanhaem,1,1,42428,3,2020,3/16/2020,627,2020,ITANHAEM,DEL.SEC.ITANHAEM PLANTÃO,DEL.SEC.ITANHAEM,DEINTER 6 - SANTOS,3/16/2020,08:47:00 PM,Via pública,RUA TUPINAMBÁS,51,NULL,NULL,Vítima,Feminino,31,12/1/1988,Branca,CAIXA,HOMICÍDIO DOLOSO,Feminicídio-contra a mulher por razões da condição de sexo feminino
DEINTER 6,SEC Santos,Santos,005 DP - Santos,1,1,40227,3,2020,3/25/2020,646,2020,SANTOS,DDM SANTOS,DEL.SEC.SANTOS,DEINTER 6 - SANTOS,3/25/2020,07:00:00 PM,Residência,DA VEDAÇÃO DA DIVULGAÇÃO DOS DADOS RELATIVOS ,,,,Vítima,Feminino,24,6/23/1995,Parda,ESTUDANTE,HOMICÍDIO DOLOSO,Feminicídio-contra a mulher por razões da condição de sexo feminino
DEINTER 9,SEC Casa Branca,Mococa,DM - Mococa,1,1,70207,3,2020,3/27/2020,1053,2020,MOCOCA,DEL.POL.MOCOCA,DEL.SEC.CASA BRANCA,DEINTER 9 - PIRACICABA,3/27/2020,EM HORA INCERTA,Residência,DA VEDAÇÃO DA DIVULGAÇÃO DOS DADOS RELATIVOS ,,,,Vítima,Feminino,29,1/23/1991,Branca,NAO INFORMADA,HOMICÍDIO DOLOSO,Feminicídio-contra a mulher por razões da condição de sexo feminino
DEMACRO,SEC Carapicuíba,Barueri,DM - Barueri,1,1,30401,3,2020,3/10/2020,1069,2020,BARUERI,DEL.POL.BARUERI,DEL.SEC.CARAPICUIBA,DEMACRO,3/10/2020,06:18:00 AM,Residência,DA VEDAÇÃO DA DIVULGAÇÃO DOS DADOS RELATIVOS ,,,,Vítima,Feminino,23,5/1/1996,Branca,ATENDENTE DE TELEMARKETING,HOMICÍDIO DOLOSO,Feminicídio-contra a mulher por razões da condição de sexo feminino
DEMACRO,SEC Carapicuíba,Carapicuíba,002 DP - Carapicuiba,1,1,30427,3,2020,3/15/2020,1700,2020,CARAPICUIBA,01º D.P. CARAPICUIBA,DEL.SEC.CARAPICUIBA,DEMACRO,3/15/2020,07:30:00 AM,Residência,DA VEDAÇÃO DA DIVULGAÇÃO DOS DADOS RELATIVOS ,,,,Vítima,Feminino,22,3/4/1998,Parda,COZINHEIRO(A),HOMICÍDIO DOLOSO,Feminicídio-contra a mulher por razões da condição de sexo feminino
DEMACRO,SEC Guarulhos,Guarulhos,002 DP - Guarulhos,1,1,30207,3,2020,3/21/2020,1495,2020,GUARULHOS,02º D.P. GUARULHOS,DEL.SEC.GUARULHOS,DEMACRO,3/20/2020,11:40:00 PM,Residência,DA VEDAÇÃO DA DIVULGAÇÃO DOS DADOS RELATIVOS ,,,,Vítima,Feminino,53,11/24/1966,Branca,NULL,HOMICÍDIO DOLOSO,Feminicídio-contra a mulher por razões da condição de sexo feminino
DEMACRO,SEC Guarulhos,Guarulhos,006 DP - Guarulhos,1,1,30206,3,2020,3/27/2020,1297,2020,GUARULHOS,01º D.P. GUARULHOS,DEL.SEC.GUARULHOS,DEMACRO,3/26/2020,11:24:00 PM,Via pública,RUA ARAPOEMA,1,-23.452647015,-46.5264248789999,Vítima,Feminino,34,5/27/1985,Parda,NAO INFORMADA,HOMICÍDIO DOLOSO,Feminicídio-contra a mulher por razões da condição de sexo feminino
DEMACRO,SEC Mogi das Cruzes,Mogi das Cruzes,002 DP - Mogi das Cruzes,1,1,30306,3,2020,3/15/2020,1714,2020,MOGI DAS CRUZES,01º D.P. MOGI DAS CRUZES,DEL.SEC.MOGI DAS CRUZES,DEMACRO,3/15/2020,04:47:00 PM,Residência,DA VEDAÇÃO DA DIVULGAÇÃO DOS DADOS RELATIVOS ,,,,Vítima,Feminino,32,7/12/1987,Preta,NULL,HOMICÍDIO DOLOSO,Feminicídio-contra a mulher por razões da condição de sexo feminino
DEMACRO,SEC Taboão da Serra,Itapecerica da Serra,DM - Itapecerica da Serra,1,1,30406,3,2020,3/18/2020,900,2020,ITAPECERICA DA SERRA,DEL.POL.ITAPECERICA DA SERRA,DEL.SEC.TABOÃO DA SERRA,DEMACRO,3/18/2020,08:00:00 AM,Residência,DA VEDAÇÃO DA DIVULGAÇÃO DOS DADOS RELATIVOS ,,,,Vítima,Feminino,49,3/5/1971,Branca,PRENDAS DOMESTICAS,HOMICÍDIO DOLOSO,Feminicídio-contra a mulher por razões da condição de sexo feminino
DECAP,3ª SEC,São Paulo,075 DP - Jardim Arpoador,1,1,10356,4,2020,4/10/2020,2524,2020,S.PAULO,89º D.P. JARDIM TABOAO,DEL.SEC.3º OESTE,DECAP,4/10/2020,01:30:00 PM,Residência,DA VEDAÇÃO DA DIVULGAÇÃO DOS DADOS RELATIVOS ,,,,Vítima,Feminino,21,4/21/1998,Ignorada,NULL,HOMICÍDIO DOLOSO,Feminicídio-contra a mulher por razões da condição de sexo feminino
DECAP,6ª SEC,São Paulo,085 DP - Jardim Mirna,1,1,10374,4,2020,4/6/2020,2531,2020,S.PAULO,101º D.P. JDIM IMBUIAS,DEL.SEC.6º SANTO AMARO,DECAP,4/5/2020,10:00:00 PM,Residência,DA VEDAÇÃO DA DIVULGAÇÃO DOS DADOS RELATIVOS ,,,,Vítima,Feminino,31,9/18/1988,Parda,ATENDENTE,HOMICÍDIO DOLOSO,Feminicídio-contra a mulher por razões da condição de sexo feminino
DECAP,7ª SEC,São Paulo,050 DP - Itaim Paulista,1,1,20250,4,2020,4/14/2020,2769,2020,S.PAULO,50º D.P. ITAIM PAULISTA,DEL.SEC.7º ITAQUERA,DECAP,4/14/2020,11:21:00 AM,Lazer e recreação,RUA MANUEL RODRIGUES SANTIAGO,1,-23.518423474,-46.387896849,Vítima,Feminino,33,7/6/1986,Branca,FAXINEIRO(A),HOMICÍDIO DOLOSO,Feminicídio-contra a mulher por razões da condição de sexo feminino
DEINTER 1,SEC São Sebastião,Ubatuba,DM - Ubatuba,1,1,40304,4,2020,4/26/2020,1421,2020,UBATUBA,DEL.POL.UBATUBA,DEL.SEC.S.SEBASTIAO,DEINTER 1 - SAO JOSE DOS CAMPOS,4/26/2020,05:35:00 PM,Residência,DA VEDAÇÃO DA DIVULGAÇÃO DOS DADOS RELATIVOS ,,,,Vítima,Feminino,40,1/9/1980,Branca,CASEIRO(A),HOMICÍDIO DOLOSO,Feminicídio-contra a mulher por razões da condição de sexo feminino
DEINTER 10,SEC Araçatuba,Birigui,DM - Birigui,1,1,50309,4,2020,4/10/2020,1291,2020,BIRIGUI,DEL.POL.PLANTÃO BIRIGUI,DEL.SEC.ARACATUBA,DEINTER 10 - ARAÇATUBA,4/9/2020,09:33:00 PM,Via pública,RUA ADELINA ROLDI BOATO,448,-21.2738325639359,-50.3188442778077,Vítima,Feminino,28,1/31/1992,Parda,NULL,HOMICÍDIO DOLOSO,Feminicídio-contra a mulher por razões da condição de sexo feminino
DEINTER 2,2ª Seccional Campinas,Campinas,009 DP - Campinas,1,1,120557,4,2020,4/4/2020,811,2020,CAMPINAS,PLANTÃO-DEF.MUL.CAMPINAS-2ªSEC,DEL.SEC.2º CAMPINAS,DEINTER 2 - CAMPINAS,4/3/2020,01:00:00 AM,Residência,DA VEDAÇÃO DA DIVULGAÇÃO DOS DADOS RELATIVOS ,,,,Vítima,Feminino,47,11/28/1972,Parda,PENSIONISTA,HOMICÍDIO DOLOSO,Feminicídio-contra a mulher por razões da condição de sexo feminino
DEINTER 2,SEC Bragança Paulista,Amparo,001 DP - Amparo,1,1,70935,4,2020,4/8/2020,577,2020,AMPARO,DEL.POL.PLANTÃO AMPARO,DEL.SEC.BRAGANÇA PAULISTA,DEINTER 2 - CAMPINAS,4/8/2020,08:20:00 AM,Residência,DA VEDAÇÃO DA DIVULGAÇÃO DOS DADOS RELATIVOS ,,,,Vítima,Feminino,27,8/12/1992,Branca,BALCONISTA,HOMICÍDIO DOLOSO,Feminicídio-contra a mulher por razões da condição de sexo feminino
DEINTER 2,SEC Jundiaí,Itatiba,DM - Itatiba,1,1,70948,4,2020,4/19/2020,1508,2020,ITATIBA,DEL.POL.PLANTÃO ITATIBA,DEL.SEC.JUNDIAI,DEINTER 2 - CAMPINAS,4/19/2020,06:00:00 AM,Residência,DA VEDAÇÃO DA DIVULGAÇÃO DOS DADOS RELATIVOS ,,,,Vítima,Feminino,45,2/3/1975,Branca,PRENDAS DOMESTICAS,HOMICÍDIO DOLOSO,Feminicídio-contra a mulher por razões da condição de sexo feminino
DEINTER 2,SEC Jundiaí,Jundiaí,007 DP - Jundiai,1,1,70416,4,2020,4/17/2020,392,2020,JUNDIAI,DDM JUNDIAI,DEL.SEC.JUNDIAI,DEINTER 2 - CAMPINAS,4/17/2020,01:47:00 PM,Saúde,AVENIDA ANTÔNIO SEGRE,71,-23.1822337243333,-46.8937527285333,Vítima,Feminino,44,3/17/1976,Parda,ASSISTENTE ADMINISTRATIVO,HOMICÍDIO DOLOSO,Feminicídio-contra a mulher por razões da condição de sexo feminino
DEINTER 3,SEC Barretos,Altair,DM - Altair,1,1,100909,4,2020,4/30/2020,2458,2020,BARRETOS,DEL.SEC.BARRETOS PLANTÃO,DEL.SEC.BARRETOS,DEINTER 3 - RIBEIRAO PRETO,4/30/2020,04:30:00 PM,Residência,DA VEDAÇÃO DA DIVULGAÇÃO DOS DADOS RELATIVOS ,,,,Vítima,Feminino,32,4/11/1988,Preta,NULL,HOMICÍDIO DOLOSO,Feminicídio-contra a mulher por razões da condição de sexo feminino
DEINTER 3,SEC Ribeirão Preto,Ribeirão Preto,007 DP - Ribeirão Preto,1,1,100919,4,2020,4/27/2020,6998,2020,RIBEIRAO PRETO,CPJ RIBEIRAO PRETO,DEL.SEC.RIBEIRAO PRETO,DEINTER 3 - RIBEIRAO PRETO,4/27/2020,07:10:00 PM,Via pública,RUA CORONEL JOSÉ DA SILVA,100,-21.263869705647,-47.8134363708235,Vítima,Feminino,38,6/11/1981,Branca,NULL,HOMICÍDIO DOLOSO,Feminicídio-contra a mulher por razões da condição de sexo feminino
DEINTER 4,SEC Marília,Marília,004 DP - Marília,1,1,80504,4,2020,4/11/2020,3388,2020,MARILIA,DEL.SEC.MARÍLIA PLANTÃO,DEL.SEC.MARILIA,DEINTER 4 - BAURU,4/11/2020,06:00:00 AM,Residência,DA VEDAÇÃO DA DIVULGAÇÃO DOS DADOS RELATIVOS ,,,,Vítima,Feminino,21,9/26/1998,Branca,ESTUDANTE,HOMICÍDIO DOLOSO,Feminicídio-contra a mulher por razões da condição de sexo feminino
DEINTER 5,SEC Novo Horizonte,Novo Horizonte,DM - Novo Horizonte,1,1,110714,4,2020,4/1/2020,327,2020,NOVO HORIZONTE,DEL.POL.PLANTÃO NOVO HORIZONTE,DEL.SEC.NOVO HORIZONTE,DEINTER 5 - SAO JOSE DO RIO PRETO,3/31/2020,11:44:00 PM,Residência,DA VEDAÇÃO DA DIVULGAÇÃO DOS DADOS RELATIVOS ,,,,Vítima,Feminino,16,10/2/2003,Parda,ESTUDANTE,HOMICÍDIO DOLOSO,Feminicídio-contra a mulher por razões da condição de sexo feminino
DEINTER 5,SEC São José Rio Preto,Bady Bassitt,DM - Bady Bassit,1,1,110406,4,2020,4/12/2020,302,2020,CEDRAL,DEL.POL.CEDRAL,DEL.SEC.S.JOSE DO RIO PRETO,DEINTER 5 - SAO JOSE DO RIO PRETO,4/12/2020,07:00:00 AM,Residência,DA VEDAÇÃO DA DIVULGAÇÃO DOS DADOS RELATIVOS ,,,,Vítima,Feminino,38,3/6/1982,Parda,COZINHEIRO(A),HOMICÍDIO DOLOSO,Feminicídio-contra a mulher por razões da condição de sexo feminino
DEINTER 7,SEC Itapetininga,Boituva,DM - Boituva,1,1,120312,4,2020,4/25/2020,1326,2020,BOITUVA,DEL.POL.BOITUVA,DEL.SEC.ITAPETININGA,DEINTER 7 - SOROCABA,4/25/2020,06:10:00 PM,Residência,DA VEDAÇÃO DA DIVULGAÇÃO DOS DADOS RELATIVOS ,,,,Vítima,Feminino,35,2/15/1985,Branca,COZINHEIRO(A),HOMICÍDIO DOLOSO,Feminicídio-contra a mulher por razões da condição de sexo feminino
DEINTER 7,SEC Sorocaba,Sorocaba,009 DP - Sorocaba,1,1,120607,4,2020,4/12/2020,3463,2020,SOROCABA,PLANTÃO DE SOROCABA - Z. NORTE,DEL.SEC.SOROCABA,DEINTER 7 - SOROCABA,4/12/2020,01:05:00 PM,Lazer e recreação,RUA ALEXANDRE CALDINI,265,-23.4963302843825,-47.5048744704253,Vítima,Feminino,NULL,NULL,Parda,NULL,HOMICÍDIO DOLOSO,Feminicídio-contra a mulher por razões da condição de sexo feminino
DEINTER 8,SEC Presidente Prudente,Presidente Prudente,003 DP - Presidente Prudente,1,1,90500,4,2020,4/17/2020,2993,2020,PRESIDENTE PRUDENTE,DEL.SEC.PRES.PRUDENTE PLANTÃO,DEL.SEC.PRESIDENTE PRUDENTE,DEINTER 8 - PRESIDENTE PRUDENTE,4/17/2020,11:30:00 AM,Residência,DA VEDAÇÃO DA DIVULGAÇÃO DOS DADOS RELATIVOS ,,,,Vítima,Feminino,39,1/20/1981,Branca,MANICURE,HOMICÍDIO DOLOSO,Feminicídio-contra a mulher por razões da condição de sexo feminino
DEINTER 9,SEC Americana,Sumaré,004 DP - Sumaré,1,1,70926,4,2020,4/4/2020,844,2020,SUMARE,DEL.POL.PLANTÃO SUMARE,DEL.SEC.AMERICANA,DEINTER 9 - PIRACICABA,4/3/2020,11:30:00 PM,Residência,DA VEDAÇÃO DA DIVULGAÇÃO DOS DADOS RELATIVOS ,,,,Vítima,Feminino,16,5/4/2003,Parda,ESTUDANTE,HOMICÍDIO DOLOSO,Feminicídio-contra a mulher por razões da condição de sexo feminino
DEINTER 9,SEC Limeira,Limeira,004 DP - Limeira,1,1,70923,4,2020,4/23/2020,1304,2020,LIMEIRA,DEL.SEC.LIMEIRA PLANTÃO,DEL.SEC.LIMEIRA,DEINTER 9 - PIRACICABA,4/22/2020,09:00:00 PM,Residência,DA VEDAÇÃO DA DIVULGAÇÃO DOS DADOS RELATIVOS ,,,,Vítima,Feminino,33,3/19/1987,Branca,OURIVES,HOMICÍDIO DOLOSO,Feminicídio-contra a mulher por razões da condição de sexo feminino
DEMACRO,SEC Santo André,Mauá,002 DP - Mauá,1,1,30125,4,2020,4/17/2020,486,2020,MAUA,02º D.P. MAUA,DEL.SEC.SANTO ANDRÉ,DEMACRO,4/17/2020,01:00:00 PM,Residência,DA VEDAÇÃO DA DIVULGAÇÃO DOS DADOS RELATIVOS ,,,,Vítima,Feminino,31,6/25/1988,Parda,PRENDAS DOMESTICAS,HOMICÍDIO DOLOSO,Feminicídio-contra a mulher por razões da condição de sexo feminino
DEMACRO,SEC Santo André,Mauá,003 DP - Mauá,1,1,280208,4,2020,4/1/2020,294,2020,MAUA,DDM MAUA,DEL.SEC.SANTO ANDRÉ,DEMACRO,4/1/2020,A TARDE,Residência,DA VEDAÇÃO DA DIVULGAÇÃO DOS DADOS RELATIVOS ,,,,Vítima,Feminino,68,5/3/1951,Branca,NULL,HOMICÍDIO DOLOSO,Feminicídio-contra a mulher por razões da condição de sexo feminino
DECAP,3ª SEC,São Paulo,093 DP - Jaguaré,1,1,10357,5,2020,5/16/2020,2152,2020,S.PAULO,91º D.P. CEASA,DEL.SEC.3º OESTE,DECAP,5/16/2020,07:05:00 AM,Residência,DA VEDAÇÃO DA DIVULGAÇÃO DOS DADOS RELATIVOS ,,,,Vítima,Feminino,28,1/22/1992,Parda,PROFESSOR(A),HOMICÍDIO DOLOSO,Feminicídio-contra a mulher por razões da condição de sexo feminino
DEINTER 2,SEC Mogi-Guaçu,Mogi Guaçu,002 DP - Mogi-Guaçu,1,1,70930,5,2020,5/19/2020,1009,2020,MOGI-GUACU,DEL.SEC.MOGI GUAÇU PLANTÃO,DEL.SEC.MOGI GUAÇU,DEINTER 2 - CAMPINAS,5/19/2020,09:00:00 PM,Via pública,RUA servidão,140,NULL,NULL,Vítima,Feminino,33,6/5/1986,Branca,CERAMISTA,HOMICÍDIO DOLOSO,Feminicídio-contra a mulher por razões da condição de sexo feminino
DEINTER 3,SEC Franca,Miguelópolis,DM - Miguelópolis,1,1,100924,5,2020,5/17/2020,310,2020,ITUVERAVA,DEL.POL.PLANTÃO ITUVERAVA,DEL.SEC.FRANCA,DEINTER 3 - RIBEIRAO PRETO,5/16/2020,08:50:00 PM,Via pública,RUA JOSÉ ZUQUIM NOGUEIRA,1069,-20.1873901243488,-48.0245073506976,Vítima,Feminino,33,6/2/1986,Parda,PRENDAS DOMESTICAS,HOMICÍDIO DOLOSO,Feminicídio-contra a mulher por razões da condição de sexo feminino
DEINTER 3,SEC Franca,Pedregulho,DM - Pedregulho,1,1,100312,5,2020,5/5/2020,244,2020,PEDREGULHO,DEL.POL.PEDREGULHO,DEL.SEC.FRANCA,DEINTER 3 - RIBEIRAO PRETO,5/5/2020,01:30:00 AM,Residência,DA VEDAÇÃO DA DIVULGAÇÃO DOS DADOS RELATIVOS ,,,,Vítima,Feminino,26,10/27/1993,Branca,NULL,HOMICÍDIO DOLOSO,Feminicídio-contra a mulher por razões da condição de sexo feminino
DEINTER 3,SEC Sertãozinho,Barrinha,DM - Barrinha,1,1,100402,5,2020,5/11/2020,453,2020,BARRINHA,DEL.POL.BARRINHA,DEL.SEC.SERTÃOZINHO,DEINTER 3 - RIBEIRAO PRETO,5/11/2020,05:00:00 AM,Residência,DA VEDAÇÃO DA DIVULGAÇÃO DOS DADOS RELATIVOS ,,,,Vítima,Feminino,24,7/24/1995,Branca,PRENDAS DOMESTICAS,HOMICÍDIO DOLOSO,Feminicídio-contra a mulher por razões da condição de sexo feminino
DEINTER 4,SEC Bauru,Agudos,DM - Agudos,1,1,60101,5,2020,5/6/2020,688,2020,AGUDOS,DEL.POL.AGUDOS,DEL.SEC.BAURU,DEINTER 4 - BAURU,5/6/2020,07:00:00 AM,Residência,DA VEDAÇÃO DA DIVULGAÇÃO DOS DADOS RELATIVOS ,,,,Vítima,Feminino,80,9/7/1939,Branca,NAO INFORMADA,HOMICÍDIO DOLOSO,Feminicídio-contra a mulher por razões da condição de sexo feminino
DEINTER 6,SEC Santos,Guarujá,002 DP - Guarujá,1,1,40203,5,2020,5/12/2020,2587,2020,GUARUJA,DEL.POL.GUARUJA,DEL.SEC.SANTOS,DEINTER 6 - SANTOS,5/11/2020,11:33:00 PM,Via pública,RUA SÃO PEDRO,10,-23.9495391899999,-46.300920052,Vítima,Feminino,28,3/28/1992,Parda,NULL,HOMICÍDIO DOLOSO,Feminicídio-contra a mulher por razões da condição de sexo feminino
DEINTER 8,SEC Dracena,Panorama,DM - Panorama,1,1,90406,5,2020,5/17/2020,504,2020,PANORAMA,DEL.POL.PANORAMA,DEL.SEC.DRACENA,DEINTER 8 - PRESIDENTE PRUDENTE,5/17/2020,A NOITE,Residência,DA VEDAÇÃO DA DIVULGAÇÃO DOS DADOS RELATIVOS ,,,,Vítima,Feminino,32,12/23/1987,Branca,DESEMPREGADO(A),HOMICÍDIO DOLOSO,Feminicídio-contra a mulher por razões da condição de sexo feminino
DEMACRO,SEC Santo André,Mauá,001 DP - Mauá,1,1,30124,5,2020,5/13/2020,2039,2020,MAUA,01º DP MAUA-DR.ALFREDO GARBINO,DEL.SEC.SANTO ANDRÉ,DEMACRO,5/13/2020,10:35:00 PM,Comércio e serviços,RUA JOSÉ MORALES MARTINS,37,-23.6705900697552,-46.4671671767675,Vítima,Feminino,29,12/26/1990,Branca,NAO INFORMADA,HOMICÍDIO DOLOSO,Feminicídio-contra a mulher por razões da condição de sexo feminino
DECAP,6ª SEC,São Paulo,047 DP - Capão Redondo,1,1,10241,6,2020,6/10/2020,2128,2020,S.PAULO,37º D.P. CAMPO LIMPO,DEL.SEC.3º OESTE,DECAP,6/9/2020,10:40:00 PM,Residência,DA VEDAÇÃO DA DIVULGAÇÃO DOS DADOS RELATIVOS ,,,,Vítima,Feminino,51,2/7/1969,Parda,NULL,HOMICÍDIO DOLOSO,Feminicídio-contra a mulher por razões da condição de sexo feminino
DEINTER 1,SEC São Sebastião,Ilhabela,DM - Ilhabela,1,1,40302,6,2020,6/21/2020,1202,2020,ILHABELA,DEL.POL.ILHABELA,DEL.SEC.S.SEBASTIAO,DEINTER 1 - SAO JOSE DOS CAMPOS,6/21/2020,A TARDE,Residência,DA VEDAÇÃO DA DIVULGAÇÃO DOS DADOS RELATIVOS ,,,,Vítima,Feminino,41,12/13/1978,Branca,COZINHEIRO(A),HOMICÍDIO DOLOSO,Feminicídio-contra a mulher por razões da condição de sexo feminino
DEINTER 2,2ª Seccional Campinas,Campinas,011 DP - Campinas,1,1,70926,6,2020,6/7/2020,1165,2020,SUMARE,DEL.POL.PLANTÃO SUMARE,DEL.SEC.AMERICANA,DEINTER 9 - PIRACICABA,6/6/2020,05:00:00 PM,Residência,DA VEDAÇÃO DA DIVULGAÇÃO DOS DADOS RELATIVOS ,,,,Vítima,Feminino,53,11/29/1966,Parda,NULL,HOMICÍDIO DOLOSO,Feminicídio-contra a mulher por razões da condição de sexo feminino
DEINTER 3,SEC Sertãozinho,Jaboticabal,002 DP - Jaboticabal,1,1,100603,6,2020,6/19/2020,216,2020,JABOTICABAL,DDM JABOTICABAL,DEL.SEC.SERTÃOZINHO,DEINTER 3 - RIBEIRAO PRETO,6/19/2020,12:15:00 PM,Condominio Residencial,DA VEDAÇÃO DA DIVULGAÇÃO DOS DADOS RELATIVOS ,,,,Vítima,Feminino,43,4/5/1977,Branca,PEDAGOGO(A),HOMICÍDIO DOLOSO,A pena do feminicídio é aumentada de 1/3 (um terço) até a metade se o crime for
DEINTER 5,SEC Novo Horizonte,Novo Horizonte,DM - Novo Horizonte,1,1,110714,6,2020,6/20/2020,532,2020,NOVO HORIZONTE,DEL.POL.PLANTÃO NOVO HORIZONTE,DEL.SEC.NOVO HORIZONTE,DEINTER 5 - SAO JOSE DO RIO PRETO,6/19/2020,08:00:00 PM,Residência,DA VEDAÇÃO DA DIVULGAÇÃO DOS DADOS RELATIVOS ,,,,Vítima,Feminino,45,11/13/1974,Branca,LAVRADOR(A),HOMICÍDIO DOLOSO,Feminicídio-contra a mulher por razões da condição de sexo feminino
DEINTER 8,SEC Assis,Ibirarema,DM - Ibirarema,1,1,80108,6,2020,6/11/2020,59,2020,IBIRAREMA,DEL.POL.IBIRAREMA,DEL.SEC.ASSIS,DEINTER 8 - PRESIDENTE PRUDENTE,6/11/2020,08:17:00 PM,Via pública,RUA A,229,NULL,NULL,Vítima,Feminino,23,7/1/1996,Branca,PRENDAS DOMESTICAS,HOMICÍDIO DOLOSO,Feminicídio-contra a mulher por razões da condição de sexo feminino
DEMACRO,SEC Diadema,Diadema,003 DP - Diadema,1,1,30127,6,2020,6/15/2020,1734,2020,DIADEMA,03º D.P. DIADEMA,DEL.SEC.DIADEMA,DEMACRO,6/15/2020,11:30:00 PM,Via pública,TRAVESSA PETROLINA,27,-23.6722784604878,-46.6012676267561,Vítima,Feminino,41,8/26/1978,Parda,NULL,HOMICÍDIO DOLOSO,Feminicídio-contra a mulher por razões da condição de sexo feminino
DEMACRO,SEC Guarulhos,Guarulhos,008 DP - Guarulhos,1,1,30218,6,2020,6/16/2020,773,2020,GUARULHOS,08º D.P. GUARULHOS,DEL.SEC.GUARULHOS,DEMACRO,6/14/2020,11:30:00 AM,Residência,DA VEDAÇÃO DA DIVULGAÇÃO DOS DADOS RELATIVOS ,,,,Vítima,Feminino,29,10/4/1990,Branca,NULL,HOMICÍDIO DOLOSO,Feminicídio-contra a mulher por razões da condição de sexo feminino
DECAP,4ª SEC,São Paulo,090 DP - Parque Novo Mundo,1,1,10365,7,2020,7/29/2020,1133,2020,S.PAULO,90º D.P. PQ. NOVO MUNDO,DEL.SEC.4º NORTE,DECAP,7/29/2020,03:30:00 AM,Area não ocupada,AVENIDA DO POETA,1,-23.491578545,-46.5694887499999,Vítima,Feminino,24,6/22/1996,Preta,NULL,HOMICÍDIO DOLOSO,Feminicídio-contra a mulher por razões da condição de sexo feminino
DECAP,6ª SEC,São Paulo,047 DP - Capão Redondo,1,1,10247,7,2020,7/20/2020,5987,2020,S.PAULO,47º D.P. CAPAO REDONDO,DEL.SEC.6º SANTO AMARO,DECAP,7/18/2020,02:30:00 AM,Residência,DA VEDAÇÃO DA DIVULGAÇÃO DOS DADOS RELATIVOS ,,,,Vítima,Feminino,32,6/21/1988,Branca,RECEPCIONISTA,HOMICÍDIO DOLOSO,Feminicídio-contra a mulher por razões da condição de sexo feminino
DECAP,7ª SEC,São Paulo,063 DP - Vila Jacuí,1,1,10326,7,2020,7/22/2020,3682,2020,S.PAULO,63º D.P. VILA JACUI,DEL.SEC.7º ITAQUERA,DECAP,7/22/2020,08:12:00 PM,Residência,DA VEDAÇÃO DA DIVULGAÇÃO DOS DADOS RELATIVOS ,,,,Vítima,Feminino,31,3/21/1989,Parda,OPERADOR(A) TELEMARKETING,HOMICÍDIO DOLOSO,Feminicídio-contra a mulher por razões da condição de sexo feminino
DEINTER 10,SEC Araçatuba,Araçatuba,003 DP - Araçatuba,1,1,50308,7,2020,7/27/2020,7363,2020,ARACATUBA,DEL.SEC.ARAÇATUBA PLANTÃO,DEL.SEC.ARACATUBA,DEINTER 10 - ARAÇATUBA,7/26/2020,11:00:00 PM,Residência,DA VEDAÇÃO DA DIVULGAÇÃO DOS DADOS RELATIVOS ,,,,Vítima,Feminino,43,11/18/1976,Branca,PRENDAS DOMESTICAS,HOMICÍDIO DOLOSO,Feminicídio-contra a mulher por razões da condição de sexo feminino
DEINTER 2,1ª Seccional Campinas,Campinas,007 DP - Campinas,1,1,120557,7,2020,7/19/2020,1331,2020,CAMPINAS,PLANTÃO-DEF.MUL.CAMPINAS-2ªSEC,DEL.SEC.2º CAMPINAS,DEINTER 2 - CAMPINAS,7/19/2020,01:50:00 AM,Unidade rural,ESTRADA MUNICIPAL,845,-22.7785958813673,-47.0453626577134,Vítima,Feminino,18,6/17/2002,Branca,DESEMPREGADO,HOMICÍDIO DOLOSO,Feminicídio-contra a mulher por razões da condição de sexo feminino
DEINTER 3,SEC Araraquara,Dobrada,DM - Dobrada,1,1,100107,7,2020,7/23/2020,33,2020,DOBRADA,DEL.POL.DOBRADA,DEL.SEC.ARARAQUARA,DEINTER 3 - RIBEIRAO PRETO,7/23/2020,EM HORA INCERTA,Residência,DA VEDAÇÃO DA DIVULGAÇÃO DOS DADOS RELATIVOS ,,,,Vítima,Feminino,35,6/30/1985,Parda,NAO INFORMADA,HOMICÍDIO DOLOSO,Feminicídio-contra a mulher por razões da condição de sexo feminino
DEINTER 3,SEC Barretos,Barretos,003 DP - Barretos,1,1,100909,7,2020,7/4/2020,3193,2020,BARRETOS,DEL.SEC.BARRETOS PLANTÃO,DEL.SEC.BARRETOS,DEINTER 3 - RIBEIRAO PRETO,7/4/2020,02:40:00 PM,Via pública,RUA DEZESSETE DE AGOSTO,26,-20.5361471049787,-48.5734720620851,Vítima,Feminino,35,9/2/1984,Branca,NULL,HOMICÍDIO DOLOSO,Feminicídio-contra a mulher por razões da condição de sexo feminino
DEINTER 3,SEC São Carlos,São Carlos,001 DP - São Carlos,1,1,100911,7,2020,7/18/2020,1168,2020,S.CARLOS,DEL.SEC.SÃO CARLOS PLANTÃO,DEL.SEC.SAO CARLOS,DEINTER 3 - RIBEIRAO PRETO,7/18/2020,12:20:00 PM,Via pública,RUA EUGÊNIO FRANCO DE CAMARGO,2542,-22.009106274,-47.8781112199999,Vítima,Feminino,16,9/14/2003,Preta,ESTUDANTE,HOMICÍDIO DOLOSO,Feminicídio-contra a mulher por razões da condição de sexo feminino
DEINTER 4,SEC Marília,Júlio Mesquita,DM - Julio Mesquita,1,1,80218,7,2020,7/15/2020,82,2020,JULIO MESQUITA,DEL.POL.JULIO MESQUITA,DEL.SEC.MARILIA,DEINTER 4 - BAURU,7/15/2020,05:00:00 AM,Residência,DA VEDAÇÃO DA DIVULGAÇÃO DOS DADOS RELATIVOS ,,,,Vítima,Feminino,26,9/21/1993,Branca,PRENDAS DOMESTICAS,HOMICÍDIO DOLOSO,Feminicídio-contra a mulher por razões da condição de sexo feminino
DEINTER 5,SEC Fernandópolis,Fernandópolis,001 DP - Fernandópolis,1,1,110709,7,2020,7/7/2020,739,2020,FERNANDOPOLIS,DEL.SEC.FERNANDOPOLIS PLANTÃO,DEL.SEC.FERNANDÓPOLIS,DEINTER 5 - SAO JOSE DO RIO PRETO,7/7/2020,02:00:00 PM,Via pública,RODOVIA JOAO CARLOS STUCHI,1,NULL,NULL,Vítima,Feminino,30,10/27/1989,Branca,NULL,HOMICÍDIO DOLOSO,Feminicídio-contra a mulher por razões da condição de sexo feminino
DEINTER 9,SEC Americana,Artur Nogueira,DM - Artur Nogueira,1,1,70309,7,2020,7/16/2020,1330,2020,ARTUR NOGUEIRA,DEL.POL.ARTUR NOGUEIRA,DEL.SEC.AMERICANA,DEINTER 9 - PIRACICABA,7/16/2020,05:30:00 AM,Via pública,RUA JOSÉ MARGONAR,1,-22.556873606,-47.166614819,Vítima,Feminino,31,9/28/1988,Parda,DESEMPREGADO,HOMICÍDIO DOLOSO,Feminicídio-contra a mulher por razões da condição de sexo feminino
DEINTER 9,SEC Limeira,Limeira,004 DP - Limeira,1,1,70923,7,2020,7/15/2020,1984,2020,LIMEIRA,DEL.SEC.LIMEIRA PLANTÃO,DEL.SEC.LIMEIRA,DEINTER 9 - PIRACICABA,7/15/2020,06:50:00 PM,Residência,DA VEDAÇÃO DA DIVULGAÇÃO DOS DADOS RELATIVOS ,,,,Vítima,Feminino,46,6/25/1974,Parda,NAO INFORMADA,HOMICÍDIO DOLOSO,Feminicídio-contra a mulher por razões da condição de sexo feminino
DEMACRO,SEC Osasco,Osasco,006 DP - Osasco,1,1,30418,7,2020,7/5/2020,2401,2020,OSASCO,05º D.P. OSASCO,DEL.SEC.OSASCO,DEMACRO,7/5/2020,10:53:00 AM,Residência,DA VEDAÇÃO DA DIVULGAÇÃO DOS DADOS RELATIVOS ,,,,Vítima,Feminino,33,6/12/1987,Parda,ATENDENTE,HOMICÍDIO DOLOSO,Feminicídio-contra a mulher por razões da condição de sexo feminino
DECAP,6ª SEC,São Paulo,025 DP - Parelheiros,1,1,10102,8,2020,8/6/2020,2871,2020,S.PAULO,02º D.P. BOM RETIRO,DEL.SEC.1º CENTRO,DECAP,8/6/2020,12:00:00 PM,Residência,DA VEDAÇÃO DA DIVULGAÇÃO DOS DADOS RELATIVOS ,,,,Vítima,Feminino,64,5/29/1956,Parda,NULL,HOMICÍDIO DOLOSO,Feminicídio-contra a mulher por razões da condição de sexo feminino
DECAP,6ª SEC,São Paulo,085 DP - Jardim Mirna,1,1,10374,8,2020,8/8/2020,4262,2020,S.PAULO,101º D.P. JDIM IMBUIAS,DEL.SEC.6º SANTO AMARO,DECAP,8/8/2020,05:00:00 AM,Residência,DA VEDAÇÃO DA DIVULGAÇÃO DOS DADOS RELATIVOS ,,,,Vítima,Feminino,25,1/31/1995,Branca,ESTUDANTE,HOMICÍDIO DOLOSO,Feminicídio-contra a mulher por razões da condição de sexo feminino
DEINTER 2,2ª Seccional Campinas,Campinas,006 DP - Campinas,1,1,120557,8,2020,8/29/2020,1552,2020,CAMPINAS,PLANTÃO-DEF.MUL.CAMPINAS-2ªSEC,DEL.SEC.2º CAMPINAS,DEINTER 2 - CAMPINAS,8/29/2020,10:50:00 PM,Via pública,RUA JOSÉ RAMOS CATARINO,475,-22.9366082304,-47.1178740342,Vítima,Feminino,49,4/22/1971,Branca,AUXILIAR DE COZINHA,HOMICÍDIO DOLOSO,Feminicídio-contra a mulher por razões da condição de sexo feminino
DEINTER 2,SEC Bragança Paulista,Atibaia,002 DP - Atibaia,1,1,70934,8,2020,8/22/2020,5300,2020,ATIBAIA,DEL.POL.PLANTÃO ATIBAIA,DEL.SEC.BRAGANÇA PAULISTA,DEINTER 2 - CAMPINAS,8/22/2020,PELA MANHÃ,Residência,DA VEDAÇÃO DA DIVULGAÇÃO DOS DADOS RELATIVOS ,,,,Vítima,Feminino,31,9/8/1988,Branca,PERITO(A),HOMICÍDIO DOLOSO,Feminicídio-contra a mulher por razões da condição de sexo feminino
DEINTER 2,SEC Jundiaí,Jarinu,DM - Jarinú,1,1,70415,8,2020,8/30/2020,762,2020,JARINU,DEL.POL.JARINU,DEL.SEC.JUNDIAI,DEINTER 2 - CAMPINAS,8/30/2020,01:00:00 PM,Unidade rural,ESTRADA GINO DARTORA,1,-23.1515114119999,-46.7183210229999,Vítima,Feminino,56,5/27/1964,Branca,FUNCION.PUBLICO MUNICIPAL,HOMICÍDIO DOLOSO,Feminicídio-contra a mulher por razões da condição de sexo feminino
DEINTER 5,SEC Catanduva,Catanduva,004 DP - Catanduva,1,1,110708,8,2020,8/23/2020,3808,2020,CATANDUVA,DEL.SEC.CATANDUVA PLANTÃO,DEL.SEC.CATANDUVA,DEINTER 5 - SAO JOSE DO RIO PRETO,8/23/2020,12:00:00 PM,Via pública,RUA Gildo Gonçalves,1,NULL,NULL,Vítima,Feminino,29,5/27/1991,Branca,NULL,HOMICÍDIO DOLOSO,Feminicídio-contra a mulher por razões da condição de sexo feminino
DEMACRO,SEC Mogi das Cruzes,Ferraz de Vasconcelos,001 DP - Ferraz de Vasconcelos,1,1,30302,8,2020,8/2/2020,2164,2020,FERRAZ DE VASCONCELOS,DEL.POL.FERRAZ DE VASCONCELOS,DEL.SEC.MOGI DAS CRUZES,DEMACRO,8/2/2020,07:00:00 PM,Residência,DA VEDAÇÃO DA DIVULGAÇÃO DOS DADOS RELATIVOS ,,,,Vítima,Feminino,17,12/25/2002,Parda,ESTUDANTE,HOMICÍDIO DOLOSO,Feminicídio-contra a mulher por razões da condição de sexo feminino
DEMACRO,SEC São Bernardo Campo,São Bernardo do Campo,003 DP - São Bernardo do Campo,1,1,30111,8,2020,8/26/2020,2988,2020,S.BERNARDO DO CAMPO,03º D.P. S.BERNARDO DO CAMPO,DEL.SEC.S.BERNARDO DO CAMPO,DEMACRO,8/26/2020,12:50:00 PM,Hospedagem,ESTRADA MARTIM AFONSO DE SOUZA,380,-23.7662430601586,-46.5380245494436,Vítima,Feminino,27,4/11/1993,Preta,DESEMPREGADO,HOMICÍDIO DOLOSO,Feminicídio-contra a mulher por razões da condição de sexo feminino
DECAP,3ª SEC,São Paulo,007 DP - Lapa,1,1,10357,9,2020,9/13/2020,3438,2020,S.PAULO,91º D.P. CEASA,DEL.SEC.3º OESTE,DECAP,9/13/2020,08:26:00 PM,Residência,DA VEDAÇÃO DA DIVULGAÇÃO DOS DADOS RELATIVOS ,,,,Vítima,Feminino,44,6/23/1976,Parda,NULL,HOMICÍDIO DOLOSO,Feminicídio-contra a mulher por razões da condição de sexo feminino
DECAP,5ª SEC,São Paulo,029 DP - Vila Diva,1,1,10310,9,2020,9/27/2020,3714,2020,S.PAULO,56º D.P. VILA ALPINA,DEL.SEC.5º LESTE,DECAP,9/27/2020,09:45:00 PM,Residência,DA VEDAÇÃO DA DIVULGAÇÃO DOS DADOS RELATIVOS ,,,,Vítima,Feminino,68,10/6/1951,Branca,NULL,HOMICÍDIO DOLOSO,Feminicídio-contra a mulher por razões da condição de sexo feminino
DECAP,6ª SEC,São Paulo,025 DP - Parelheiros,1,1,10374,9,2020,9/28/2020,5158,2020,S.PAULO,101º D.P. JDIM IMBUIAS,DEL.SEC.6º SANTO AMARO,DECAP,9/27/2020,08:50:00 PM,Via pública,AVENIDA SANTISTA,124,-23.8181700914406,-46.7051525655593,Vítima,Feminino,22,4/8/1998,Parda,NULL,HOMICÍDIO DOLOSO,Feminicídio-contra a mulher por razões da condição de sexo feminino
DECAP,8ª SEC,São Paulo,049 DP - São Mateus,1,1,500081,9,2020,9/12/2020,2258,2020,S.PAULO,08ª DDM SAO MATEUS,DEL.SEC.8º SAO MATEUS,DECAP,9/12/2020,08:15:00 PM,Via pública,RUA IRMA LEONIE DUQUET,278,-23.6173107327668,-46.4296298381224,Vítima,Feminino,36,4/17/1984,Preta,NULL,HOMICÍDIO DOLOSO,Feminicídio-contra a mulher por razões da condição de sexo feminino
DEINTER 1,SEC Guaratinguetá,Lorena,002 DP - Lorena,1,1,130217,9,2020,10/2/2020,450,2020,LORENA,DDM LORENA,DEL.SEC.GUARATINGUETA,DEINTER 1 - SAO JOSE DOS CAMPOS,9/30/2020,07:30:00 PM,Residência,DA VEDAÇÃO DA DIVULGAÇÃO DOS DADOS RELATIVOS ,,,,Vítima,Feminino,21,10/13/1998,Branca,ESTUDANTE,HOMICÍDIO DOLOSO,Feminicídio-contra a mulher por razões da condição de sexo feminino
DEINTER 2,1ª Seccional Campinas,Paulínia,DM - Paulínea,1,1,70025,9,2020,10/6/2020,1452,2020,PAULINIA,DEL.POL.PLANTÃO PAULINIA,DEL.SEC.1º CAMPINAS,DEINTER 2 - CAMPINAS,9/14/2020,11:00:00 PM,Saúde,RUA MIGUEL VICENTE CUR,100,NULL,NULL,Vítima,Feminino,41,10/19/1978,Branca,AUXILIAR DE VETERINARIO,HOMICÍDIO DOLOSO,Feminicídio-contra a mulher por razões da condição de sexo feminino
DEINTER 3,SEC São Carlos,São Carlos,004 DP - São Carlos,1,1,100911,9,2020,9/11/2020,1498,2020,S.CARLOS,DEL.SEC.SÃO CARLOS PLANTÃO,DEL.SEC.SAO CARLOS,DEINTER 3 - RIBEIRAO PRETO,9/11/2020,01:00:00 AM,Residência,DA VEDAÇÃO DA DIVULGAÇÃO DOS DADOS RELATIVOS ,,,,Vítima,Feminino,60,12/22/1959,Branca,APOSENTADO(A),HOMICÍDIO DOLOSO,Feminicídio-contra a mulher por razões da condição de sexo feminino
DEINTER 4,SEC Jaú,Jaú,002 DP - Jaú,1,1,60406,9,2020,9/27/2020,4116,2020,JAU,CPJ JAU,DEL.SEC.JAU,DEINTER 4 - BAURU,9/27/2020,01:13:00 AM,Residência,DA VEDAÇÃO DA DIVULGAÇÃO DOS DADOS RELATIVOS ,,,,Vítima,Feminino,48,11/23/1971,Parda,PRENDAS DOMESTICAS,HOMICÍDIO DOLOSO,Feminicídio-contra a mulher por razões da condição de sexo feminino
DEINTER 5,SEC São José Rio Preto,São José do Rio Preto,003 DP - São José do Rio Preto,1,1,110429,9,2020,9/15/2020,7014,2020,S.JOSE DO RIO PRETO,DEL.SEC.S.J RIO PRETO PLANTÃO,DEL.SEC.S.JOSE DO RIO PRETO,DEINTER 5 - SAO JOSE DO RIO PRETO,9/15/2020,02:55:00 PM,Residência,DA VEDAÇÃO DA DIVULGAÇÃO DOS DADOS RELATIVOS ,,,,Vítima,Feminino,44,1/29/1976,Parda,NAO INFORMADA,HOMICÍDIO DOLOSO,Feminicídio-contra a mulher por razões da condição de sexo feminino
DEINTER 6,SEC Itanhaém,Mongaguá,002 DP - Mongaguá,1,1,40207,9,2020,9/8/2020,2180,2020,MONGAGUA,DEL.POL.MONGAGUA,DEL.SEC.ITANHAEM,DEINTER 6 - SANTOS,9/6/2020,09:20:00 AM,Residência,DA VEDAÇÃO DA DIVULGAÇÃO DOS DADOS RELATIVOS ,,,,Vítima,Feminino,45,8/19/1975,Branca,NULL,HOMICÍDIO DOLOSO,Feminicídio-contra a mulher por razões da condição de sexo feminino
DEINTER 6,SEC Registro,Iguape,001 DP - Iguape,,1,40103,9,2020,9/20/2020,1347,2020,IGUAPE,DEL.POL.IGUAPE,DEL.SEC.REGISTRO,DEINTER 6 - SANTOS,9/20/2020,12:30:00 PM,Residência,DA VEDAÇÃO DA DIVULGAÇÃO DOS DADOS RELATIVOS ,,,,Vítima,Feminino,37,8/30/1983,Branca,NULL,HOMICÍDIO DOLOSO,Feminicídio-contra a mulher por razões da condição de sexo feminino
DEINTER 6,SEC Santos,São Vicente,DM - São Vicente,1,1,40217,9,2020,9/17/2020,2328,2020,S.VICENTE,DEL.POL.S.VICENTE,DEL.SEC.PRAIA GRANDE,DEINTER 6 - SANTOS,9/17/2020,02:00:00 AM,Residência,DA VEDAÇÃO DA DIVULGAÇÃO DOS DADOS RELATIVOS ,,,,Vítima,Feminino,34,3/9/1986,Parda,BALCONISTA,HOMICÍDIO DOLOSO,Feminicídio-contra a mulher por razões da condição de sexo feminino
DEINTER 9,SEC Americana,Sumaré,003 DP - Sumaré,1,1,70926,9,2020,9/1/2020,1714,2020,SUMARE,DEL.POL.PLANTÃO SUMARE,DEL.SEC.AMERICANA,DEINTER 9 - PIRACICABA,9/1/2020,07:00:00 PM,Residência,DA VEDAÇÃO DA DIVULGAÇÃO DOS DADOS RELATIVOS ,,,,Vítima,Feminino,31,1/2/1989,Branca,NULL,HOMICÍDIO DOLOSO,Feminicídio-contra a mulher por razões da condição de sexo feminino
DEMACRO,SEC Carapicuíba,Jandira,DM - Jandira,1,1,30408,9,2020,9/11/2020,2451,2020,JANDIRA,DEL.POL.JANDIRA,DEL.SEC.CARAPICUIBA,DEMACRO,9/11/2020,06:20:00 AM,Residência,DA VEDAÇÃO DA DIVULGAÇÃO DOS DADOS RELATIVOS ,,,,Vítima,Feminino,36,12/27/1983,Parda,NAO INFORMADA,HOMICÍDIO DOLOSO,Feminicídio-contra a mulher por razões da condição de sexo feminino
DEMACRO,SEC Franco da Rocha,Franco da Rocha,DM - Franco da Rocha,1,1,30204,9,2020,9/24/2020,3007,2020,FRANCO DA ROCHA,DEL.POL.FRANCO ROCHA,DEL.SEC.FRANCO DA ROCHA,DEMACRO,9/24/2020,09:59:00 AM,Residência,DA VEDAÇÃO DA DIVULGAÇÃO DOS DADOS RELATIVOS ,,,,Vítima,Feminino,30,11/18/1989,Parda,NULL,HOMICÍDIO DOLOSO,Feminicídio-contra a mulher por razões da condição de sexo feminino
DEMACRO,SEC São Bernardo Campo,São Bernardo do Campo,008 DP - São Bernardo do Campo,1,1,30111,9,2020,9/7/2020,3127,2020,S.BERNARDO DO CAMPO,03º D.P. S.BERNARDO DO CAMPO,DEL.SEC.S.BERNARDO DO CAMPO,DEMACRO,9/7/2020,04:36:00 AM,Via pública,RUA rua andré franco montoro,425,-23.7484117772564,-46.6051078452195,Vítima,Feminino,42,9/26/1977,Branca,PRENDAS DOMESTICAS,HOMICÍDIO DOLOSO,Feminicídio-contra a mulher por razões da condição de sexo feminino
DEMACRO,SEC Taboão da Serra,Embu das Artes,001 DP - Embú,1,1,270107,9,2020,9/29/2020,988,2020,EMBU DAS ARTES,DDM EMBU DAS ARTES,DEL.SEC.TABOÃO DA SERRA,DEMACRO,9/29/2020,08:40:00 AM,Residência,DA VEDAÇÃO DA DIVULGAÇÃO DOS DADOS RELATIVOS ,,,,Vítima,Feminino,28,2/6/1992,Branca,FARMACEUTICO(A),HOMICÍDIO DOLOSO,Feminicídio-contra a mulher por razões da condição de sexo feminino
DECAP,1ª SEC,São Paulo,012 DP - Pari,1,1,10109,10,2020,10/17/2020,2666,2020,S.PAULO,01ª DDM CENTRO,DEL.SEC.1º CENTRO,DECAP,10/17/2020,04:15:00 PM,Hospedagem,AVENIDA CELSO GARCIA,1113,-23.5382907952261,-46.6015186927911,Vítima,Feminino,22,11/12/1997,Parda,NULL,HOMICÍDIO DOLOSO,Feminicídio-contra a mulher por razões da condição de sexo feminino
DECAP,7ª SEC,São Paulo,067 DP - Jardim Robru,1,1,20250,10,2020,10/3/2020,4917,2020,S.PAULO,50º D.P. ITAIM PAULISTA,DEL.SEC.7º ITAQUERA,DECAP,10/3/2020,05:08:00 AM,Residência,DA VEDAÇÃO DA DIVULGAÇÃO DOS DADOS RELATIVOS ,,,,Vítima,Feminino,26,3/27/1994,Branca,ATENDENTE,HOMICÍDIO DOLOSO,Feminicídio-contra a mulher por razões da condição de sexo feminino
DECAP,8ª SEC,São Paulo,044 DP - Guaianazes,1,1,10353,10,2020,10/13/2020,4245,2020,S.PAULO,53º D.P. PARQUE DO CARMO,DEL.SEC.8º SAO MATEUS,DECAP,10/12/2020,08:30:00 PM,Via pública,RUA DA FE,281,-23.5547733752254,-46.4154657575849,Vítima,Feminino,18,8/11/2002,Branca,ESTUDANTE,HOMICÍDIO DOLOSO,Feminicídio-contra a mulher por razões da condição de sexo feminino
DECAP,8ª SEC,São Paulo,044 DP - Guaianazes,,1,10353,10,2020,10/13/2020,4245,2020,S.PAULO,53º D.P. PARQUE DO CARMO,DEL.SEC.8º SAO MATEUS,DECAP,10/12/2020,08:30:00 PM,Via pública,RUA DA FE,281,-23.5547733752254,-46.4154657575849,Vítima,Feminino,38,2/13/1982,Parda,NAO INFORMADA,HOMICÍDIO DOLOSO,Feminicídio-contra a mulher por razões da condição de sexo feminino
DECAP,8ª SEC,São Paulo,054 DP - Cidade Tiradentes,1,1,500081,10,2020,10/4/2020,2452,2020,S.PAULO,08ª DDM SAO MATEUS,DEL.SEC.8º SAO MATEUS,DECAP,10/4/2020,06:27:00 PM,Residência,DA VEDAÇÃO DA DIVULGAÇÃO DOS DADOS RELATIVOS ,,,,Vítima,Feminino,35,3/14/1985,Branca,NULL,HOMICÍDIO DOLOSO,Feminicídio-contra a mulher por razões da condição de sexo feminino
DEINTER 10,SEC Araçatuba,Araçatuba,001 DP - Araçatuba,1,1,50308,10,2020,10/9/2020,9896,2020,ARACATUBA,DEL.SEC.ARAÇATUBA PLANTÃO,DEL.SEC.ARACATUBA,DEINTER 10 - ARAÇATUBA,10/8/2020,10:42:00 PM,Residência,DA VEDAÇÃO DA DIVULGAÇÃO DOS DADOS RELATIVOS ,,,,Vítima,Feminino,74,8/26/1946,Amarela,APOSENTADO(A),HOMICÍDIO DOLOSO,Feminicídio-contra a mulher por razões da condição de sexo feminino
DEINTER 2,SEC Bragança Paulista,Nazaré Paulista,DM - Nazaré Pta.,1,1,70108,10,2020,10/20/2020,489,2020,NAZARE PAULISTA,DEL.POL.NAZARE PAULISTA,DEL.SEC.BRAGANÇA PAULISTA,DEINTER 2 - CAMPINAS,10/20/2020,DE MADRUGADA,Residência,DA VEDAÇÃO DA DIVULGAÇÃO DOS DADOS RELATIVOS ,,,,Vítima,Feminino,37,2/8/1983,Branca,PRENDAS DOMESTICAS,HOMICÍDIO DOLOSO,Feminicídio-contra a mulher por razões da condição de sexo feminino
DEINTER 2,SEC Bragança Paulista,Pinhalzinho,DM - Pinhalzinho,1,1,70929,10,2020,10/10/2020,4254,2020,BRAGANCA PAULISTA,DEL.SEC.BRAGANÇA PTA PLANTÃO,DEL.SEC.BRAGANÇA PAULISTA,DEINTER 2 - CAMPINAS,10/10/2020,02:29:00 PM,Via pública,RUA HENRIQUE TORICELLI,220,-22.7790687457862,-46.5905599265487,Vítima,Feminino,42,11/18/1977,Branca,MANICURE,HOMICÍDIO DOLOSO,Feminicídio-contra a mulher por razões da condição de sexo feminino
DEINTER 3,SEC Araraquara,Ibitinga,DM - Ibitinga,1,1,100121,10,2020,10/5/2020,2620,2020,IBITINGA,DEL.POL.IBITINGA,DEL.SEC.ARARAQUARA,DEINTER 3 - RIBEIRAO PRETO,10/5/2020,10:16:00 AM,Residência,DA VEDAÇÃO DA DIVULGAÇÃO DOS DADOS RELATIVOS ,,,,Vítima,Masculino,17,12/11/2002,Branca,ESTUDANTE,HOMICÍDIO DOLOSO,Feminicídio-contra a mulher por razões da condição de sexo feminino
DEINTER 3,SEC Sertãozinho,Pontal,DM - Pontal,1,1,100907,10,2020,10/18/2020,2307,2020,SERTAOZINHO,DEL.SEC.SERTÃOZINHO PLANTÃO,DEL.SEC.SERTÃOZINHO,DEINTER 3 - RIBEIRAO PRETO,10/18/2020,01:30:00 AM,Via pública,RUA ANANIAS DA CISTA FREITAS,667,-21.0281214710799,-48.03808027046,Vítima,Feminino,29,6/8/1991,Parda,CABELEIREIRO(A),HOMICÍDIO DOLOSO,Feminicídio-contra a mulher por razões da condição de sexo feminino
DEINTER 5,SEC São José Rio Preto,Zacarias,DM - Zacarias,1,1,110321,10,2020,10/16/2020,1522,2020,JOSE BONIFACIO,DEL.POL.JOSE BONIFACIO,DEL.SEC.S.JOSE DO RIO PRETO,DEINTER 5 - SAO JOSE DO RIO PRETO,10/16/2020,12:34:00 AM,Residência,DA VEDAÇÃO DA DIVULGAÇÃO DOS DADOS RELATIVOS ,,,,Vítima,Feminino,29,6/19/1991,Branca,PRENDAS DOMESTICAS,HOMICÍDIO DOLOSO,Feminicídio-contra a mulher por razões da condição de sexo feminino
DEINTER 9,SEC Limeira,Limeira,003 DP - Limeira,1,1,70923,10,2020,10/20/2020,2903,2020,LIMEIRA,DEL.SEC.LIMEIRA PLANTÃO,DEL.SEC.LIMEIRA,DEINTER 9 - PIRACICABA,10/20/2020,12:25:00 AM,Via pública,ESTRADA lim 346 km,1,-22.5255677966883,-47.4182201303489,Vítima,Feminino,24,5/29/1996,Ignorada,NULL,HOMICÍDIO DOLOSO,Feminicídio-contra a mulher por razões da condição de sexo feminino
DEINTER 9,SEC Piracicaba,São Pedro,DM - São Pedro,1,1,70922,10,2020,10/29/2020,3036,2020,PIRACICABA,DEL.SEC.PIRACICABA PLANTÃO,DEL.SEC.PIRACICABA,DEINTER 9 - PIRACICABA,10/29/2020,06:23:00 PM,Comércio e serviços,RUA MARIO SCAGNOLATO,50,-22.5568123288878,-47.9048219668691,Vítima,Feminino,67,7/22/1953,Branca,NAO INFORMADA,HOMICÍDIO DOLOSO,Feminicídio-contra a mulher por razões da condição de sexo feminino
DEMACRO,SEC Carapicuíba,Itapevi,DM - Itapevi,1,1,30407,10,2020,10/11/2020,3105,2020,ITAPEVI,DEL.POL.ITAPEVI,DEL.SEC.CARAPICUIBA,DEMACRO,10/11/2020,10:00:00 PM,Residência,DA VEDAÇÃO DA DIVULGAÇÃO DOS DADOS RELATIVOS ,,,,Vítima,Feminino,30,2/19/1990,Branca,NAO INFORMADA,HOMICÍDIO DOLOSO,Feminicídio-contra a mulher por razões da condição de sexo feminino
DEMACRO,SEC Franco da Rocha,Caieiras,DM - Caieiras,1,1,30202,10,2020,10/19/2020,1817,2020,CAIEIRAS,DEL.POL.CAIEIRAS,DEL.SEC.FRANCO DA ROCHA,DEMACRO,10/19/2020,07:15:00 AM,Residência,DA VEDAÇÃO DA DIVULGAÇÃO DOS DADOS RELATIVOS ,,,,Vítima,Feminino,32,5/14/1988,Parda,NULL,HOMICÍDIO DOLOSO,Feminicídio-contra a mulher por razões da condição de sexo feminino
DECAP,1ª SEC,São Paulo,077 DP - Santa Cecília,1,1,10109,11,2020,11/2/2020,2828,2020,S.PAULO,01ª DDM CENTRO,DEL.SEC.1º CENTRO,DECAP,11/2/2020,12:02:00 AM,Hospedagem,ALAMEDA BARAO DE PIRACICABA,75,-23.5353631112542,-46.641940928553,Vítima,Feminino,37,8/10/1983,Preta,NULL,HOMICÍDIO DOLOSO,Feminicídio-contra a mulher por razões da condição de sexo feminino
DECAP,2ª SEC,São Paulo,016 DP - Vila Clementino,1,1,10216,11,2020,11/3/2020,6425,2020,S.PAULO,16º D.P. VILA CLEMENTINO,DEL.SEC.2º SUL,DECAP,11/3/2020,07:30:00 AM,Residência,DA VEDAÇÃO DA DIVULGAÇÃO DOS DADOS RELATIVOS ,,,,Vítima,Feminino,37,4/3/1983,Branca,NAO INFORMADA,HOMICÍDIO DOLOSO,Feminicídio-contra a mulher por razões da condição de sexo feminino
DECAP,5ª SEC,São Paulo,010 DP - Penha de França,1,1,20210,11,2020,11/15/2020,5082,2020,S.PAULO,10º D.P. PENHA DE FRANCA,DEL.SEC.5º LESTE,DECAP,11/15/2020,12:05:00 PM,Residência,DA VEDAÇÃO DA DIVULGAÇÃO DOS DADOS RELATIVOS ,,,,Vítima,Feminino,61,6/24/1959,Branca,METROVIARIO(A),HOMICÍDIO DOLOSO,Feminicídio-contra a mulher por razões da condição de sexo feminino
DECAP,6ª SEC,São Paulo,025 DP - Parelheiros,1,1,10374,11,2020,11/8/2020,5872,2020,S.PAULO,101º D.P. JDIM IMBUIAS,DEL.SEC.6º SANTO AMARO,DECAP,11/8/2020,09:30:00 AM,Area não ocupada,RUA frei eustaquio,20,NULL,NULL,Vítima,Feminino,19,4/12/2001,Parda,NULL,HOMICÍDIO DOLOSO,Feminicídio-contra a mulher por razões da condição de sexo feminino
DEINTER 1,SEC São José Campos,Caçapava,DM - Caçapava,1,1,130323,11,2020,11/22/2020,2368,2020,CACAPAVA,DEL.POL.CAÇAPAVA,DEL.SEC.S.JOSÉ DOS CAMPOS,DEINTER 1 - SAO JOSE DOS CAMPOS,11/22/2020,12:20:00 PM,Residência,DA VEDAÇÃO DA DIVULGAÇÃO DOS DADOS RELATIVOS ,,,,Vítima,Feminino,36,12/4/1983,Branca,PRENDAS DOMESTICAS,HOMICÍDIO DOLOSO,Feminicídio-contra a mulher por razões da condição de sexo feminino
DEINTER 2,SEC Mogi-Guaçu,Estiva Gerbi,DM - Estiva Gerbi,1,1,70930,11,2020,11/10/2020,1943,2020,MOGI-GUACU,DEL.SEC.MOGI GUAÇU PLANTÃO,DEL.SEC.MOGI GUAÇU,DEINTER 2 - CAMPINAS,11/9/2020,11:30:00 PM,Residência,DA VEDAÇÃO DA DIVULGAÇÃO DOS DADOS RELATIVOS ,,,,Vítima,Feminino,21,9/20/1999,Branca,PRENDAS DOMESTICAS,HOMICÍDIO DOLOSO,Feminicídio-contra a mulher por razões da condição de sexo feminino
DEINTER 3,SEC Bebedouro,Pirangi,DM - Pirangi,1,1,100912,11,2020,11/12/2020,2418,2020,BEBEDOURO,DEL.POL.PLANTÃO BEBEDOURO,DEL.SEC.BEBEDOURO,DEINTER 3 - RIBEIRAO PRETO,11/12/2020,07:20:00 PM,Via pública,RUA CAMPOS SALES,1654,-21.0918493501702,-48.6615356447021,Vítima,Feminino,53,9/2/1967,Branca,PRENDAS DOMESTICAS,HOMICÍDIO DOLOSO,Feminicídio-contra a mulher por razões da condição de sexo feminino
DEINTER 3,SEC Ribeirão Preto,Ribeirão Preto,001 DP - Ribeirão Preto,1,1,100919,11,2020,11/8/2020,10736,2020,RIBEIRAO PRETO,CPJ RIBEIRAO PRETO,DEL.SEC.RIBEIRAO PRETO,DEINTER 3 - RIBEIRAO PRETO,11/8/2020,04:00:00 PM,Via pública,RUA FLORIANO PEIXOTO,40,-21.1794768832727,-47.8011913897091,Vítima,Feminino,41,12/22/1978,Branca,NAO INFORMADA,HOMICÍDIO DOLOSO,Feminicídio-contra a mulher por razões da condição de sexo feminino
DEINTER 4,SEC Bauru,Bauru,001 DP - Bauru,1,1,60404,11,2020,11/16/2020,13800,2020,BAURU,CPJ BAURU,DEL.SEC.BAURU,DEINTER 4 - BAURU,11/15/2020,09:00:00 PM,Residência,DA VEDAÇÃO DA DIVULGAÇÃO DOS DADOS RELATIVOS ,,,,Vítima,Feminino,15,8/30/2005,Branca,ESTUDANTE,HOMICÍDIO DOLOSO,Feminicídio-contra a mulher por razões da condição de sexo feminino
DEINTER 4,SEC Bauru,Bauru,002 DP - Bauru,1,1,60404,11,2020,11/11/2020,13617,2020,BAURU,CPJ BAURU,DEL.SEC.BAURU,DEINTER 4 - BAURU,11/11/2020,04:20:00 AM,Residência,DA VEDAÇÃO DA DIVULGAÇÃO DOS DADOS RELATIVOS ,,,,Vítima,Feminino,63,9/11/1957,Branca,NAO INFORMADA,HOMICÍDIO DOLOSO,Feminicídio-contra a mulher por razões da condição de sexo feminino
DEINTER 4,SEC Lins,Guarantã,DM - Guarantã,1,1,60405,11,2020,11/7/2020,5441,2020,LINS,CPJ LINS,DEL.SEC.LINS,DEINTER 4 - BAURU,11/7/2020,02:41:00 AM,Residência,DA VEDAÇÃO DA DIVULGAÇÃO DOS DADOS RELATIVOS ,,,,Vítima,Feminino,16,8/3/2004,Parda,ESTUDANTE,HOMICÍDIO DOLOSO,Feminicídio-contra a mulher por razões da condição de sexo feminino
DEINTER 6,SEC Santos,Bertioga,DM - Bertioga,1,1,40204,11,2020,11/2/2020,2679,2020,BERTIOGA,DEL.POL.BERTIOGA,DEL.SEC.SANTOS,DEINTER 6 - SANTOS,11/2/2020,08:30:00 PM,Via pública,RUA sete,1,-23.7529662599999,-45.8661409759999,Vítima,Feminino,19,12/16/2000,Parda,PRENDAS DOMESTICAS,HOMICÍDIO DOLOSO,Feminicídio-contra a mulher por razões da condição de sexo feminino
DEINTER 7,SEC Itapeva,Itararé,DM - Itararé,1,1,120409,11,2020,11/22/2020,1836,2020,ITARARE,DEL.POL.ITARARE,DEL.SEC.ITAPEVA,DEINTER 7 - SOROCABA,11/22/2020,03:30:00 PM,Hospedagem,RODOVIA sp 258 francisco alves negrão,340,-24.1136793100909,-49.3436823890909,Vítima,Feminino,18,4/24/2002,Branca,ESTUDANTE,HOMICÍDIO DOLOSO,Feminicídio-contra a mulher por razões da condição de sexo feminino
DEINTER 8,SEC Presidente Venceslau,Santo Anastácio,DM - Sto. Anastácio,,1,90307,11,2020,11/9/2020,816,2020,S.ANASTACIO,DEL.POL.SANTO ANASTACIO,DEL.SEC.PRESIDENTE VENCESLAU,DEINTER 8 - PRESIDENTE PRUDENTE,11/9/2020,12:20:00 AM,Via pública,PRAÇA ATALIBA LEONEL,999,NULL,NULL,Vítima,Feminino,27,4/11/1993,Parda,PRENDAS DOMESTICAS,HOMICÍDIO DOLOSO,Feminicídio-contra a mulher por razões da condição de sexo feminino
DEINTER 9,SEC Americana,Americana,002 DP - Americana,1,1,70345,11,2020,11/29/2020,939,2020,AMERICANA,02º D.P. AMERICANA,DEL.SEC.AMERICANA,DEINTER 9 - PIRACICABA,11/29/2020,02:45:00 AM,Via pública,RUA PICA-PAU,13,-22.7649850200243,-47.3277658695365,Vítima,Feminino,25,10/10/1995,Parda,RECICLADOR,HOMICÍDIO DOLOSO,Feminicídio-contra a mulher por razões da condição de sexo feminino
DEMACRO,SEC Carapicuíba,Barueri,002 DP - de Barueri,1,1,30609,11,2020,11/16/2020,1837,2020,BARUERI,02º D.P. BARUERI,DEL.SEC.CARAPICUIBA,DEMACRO,11/16/2020,EM HORA INCERTA,Residência,DA VEDAÇÃO DA DIVULGAÇÃO DOS DADOS RELATIVOS ,,,,Vítima,Feminino,52,9/7/1968,Branca,NULL,HOMICÍDIO DOLOSO,Feminicídio-contra a mulher por razões da condição de sexo feminino
DEMACRO,SEC Carapicuíba,Cotia,001 DP - Cotia,1,1,30403,11,2020,11/7/2020,4960,2020,COTIA,DEL.POL.COTIA,DEL.SEC.CARAPICUIBA,DEMACRO,11/7/2020,07:20:00 AM,Residência,DA VEDAÇÃO DA DIVULGAÇÃO DOS DADOS RELATIVOS ,,,,Vítima,Feminino,NULL,NULL,Parda,NULL,HOMICÍDIO DOLOSO,Feminicídio-contra a mulher por razões da condição de sexo feminino
DEMACRO,SEC Carapicuíba,Jandira,DM - Jandira,1,1,30408,11,2020,11/13/2020,3115,2020,JANDIRA,DEL.POL.JANDIRA,DEL.SEC.CARAPICUIBA,DEMACRO,11/13/2020,03:35:00 AM,Residência,DA VEDAÇÃO DA DIVULGAÇÃO DOS DADOS RELATIVOS ,,,,Vítima,Feminino,30,8/15/1990,Branca,ESTETICISTA,HOMICÍDIO DOLOSO,Feminicídio-contra a mulher por razões da condição de sexo feminino
DEMACRO,SEC Santo André,Mauá,002 DP - Mauá,1,1,30124,11,2020,11/16/2020,4500,2020,MAUA,01º DP MAUA-DR.ALFREDO GARBINO,DEL.SEC.SANTO ANDRÉ,DEMACRO,11/16/2020,05:00:00 PM,Residência,DA VEDAÇÃO DA DIVULGAÇÃO DOS DADOS RELATIVOS ,,,,Vítima,Feminino,32,11/18/1987,Branca,NULL,HOMICÍDIO DOLOSO,Feminicídio-contra a mulher por razões da condição de sexo feminino
DEMACRO,SEC Santo André,Santo André,006 DP - Santo André,1,1,30107,11,2020,11/8/2020,2632,2020,S.ANDRE,06º D.P. SANTO ANDRÉ,DEL.SEC.SANTO ANDRÉ,DEMACRO,11/7/2020,11:40:00 PM,Residência,DA VEDAÇÃO DA DIVULGAÇÃO DOS DADOS RELATIVOS ,,,,Vítima,Feminino,42,6/21/1978,Branca,NULL,HOMICÍDIO DOLOSO,Feminicídio-contra a mulher por razões da condição de sexo feminino
DECAP,1ª SEC,São Paulo,012 DP - Pari,1,1,10112,12,2020,12/21/2020,3535,2020,S.PAULO,12º D.P. PARI,DEL.SEC.1º CENTRO,DECAP,12/21/2020,05:33:00 PM,Via pública,RUA MONSENHOR ANDRADE,1093,-23.5350972429915,-46.622370993038,Vítima,Feminino,35,11/5/1985,Branca,VENDEDOR(A),HOMICÍDIO DOLOSO,Feminicídio-contra a mulher por razões da condição de sexo feminino
DECAP,6ª SEC,São Paulo,098 DP - Jardim Míriam,1,1,10371,12,2020,12/6/2020,4537,2020,S.PAULO,98º D.P. JARDIM MIRIAM,DEL.SEC.6º SANTO AMARO,DECAP,12/6/2020,02:35:00 AM,Via pública,RUA GERCINO GOMES DA SILVA,91,-23.693703468,-46.6335707599999,Vítima,Feminino,30,12/21/1989,Parda,NULL,HOMICÍDIO DOLOSO,Feminicídio-contra a mulher por razões da condição de sexo feminino
DECAP,6ª SEC,São Paulo,101 DP - Jardim das Imbuias,1,1,10374,12,2020,12/28/2020,6767,2020,S.PAULO,101º D.P. JDIM IMBUIAS,DEL.SEC.6º SANTO AMARO,DECAP,12/28/2020,10:50:00 PM,Residência,DA VEDAÇÃO DA DIVULGAÇÃO DOS DADOS RELATIVOS ,,,,Vítima,Feminino,41,3/4/1979,Preta,NAO INFORMADA,HOMICÍDIO DOLOSO,Feminicídio-contra a mulher por razões da condição de sexo feminino
DECAP,7ª SEC,São Paulo,063 DP - Vila Jacuí,1,1,10326,12,2020,12/24/2020,6324,2020,S.PAULO,63º D.P. VILA JACUI,DEL.SEC.7º ITAQUERA,DECAP,12/23/2020,10:30:00 PM,Residência,DA VEDAÇÃO DA DIVULGAÇÃO DOS DADOS RELATIVOS ,,,,Vítima,Feminino,19,4/13/2001,Parda,NAO INFORMADA,HOMICÍDIO DOLOSO,Feminicídio-contra a mulher por razões da condição de sexo feminino
DECAP,7ª SEC,São Paulo,067 DP - Jardim Robru,1,1,20302,12,2020,12/12/2020,3848,2020,S.PAULO,07ª DDM ITAQUERA,DEL.SEC.7º ITAQUERA,DECAP,12/11/2020,11:09:00 PM,Via pública,AVENIDA FERNANDO FIGUEIREDO LINS,14,-23.5187913332214,-46.415124641503,Vítima,Feminino,16,9/19/2004,Branca,ESTUDANTE,HOMICÍDIO DOLOSO,Feminicídio-contra a mulher por razões da condição de sexo feminino
DECAP,8ª SEC,São Paulo,044 DP - Guaianazes,1,1,20302,12,2020,12/28/2020,4033,2020,S.PAULO,07ª DDM ITAQUERA,DEL.SEC.7º ITAQUERA,DECAP,12/28/2020,09:07:00 AM,Via pública,RUA raul seixas,7,-23.5619642791742,-46.3988580526636,Vítima,Feminino,30,6/28/1990,Parda,NAO INFORMADA,HOMICÍDIO DOLOSO,Feminicídio-contra a mulher por razões da condição de sexo feminino
DEINTER 1,SEC Taubaté,Pindamonhangaba,002 DP - Pindamonhangaba,1,1,130517,12,2020,12/2/2020,1551,2020,PINDAMONHANGABA,DEL.POL.PLANTÃO PINDA,DEL.SEC.TAUBATÉ,DEINTER 1 - SAO JOSE DOS CAMPOS,12/1/2020,03:54:00 PM,Residência,DA VEDAÇÃO DA DIVULGAÇÃO DOS DADOS RELATIVOS ,,,,Vítima,Feminino,23,10/26/1997,Branca,PRENDAS DOMESTICAS,HOMICÍDIO DOLOSO,Feminicídio-contra a mulher por razões da condição de sexo feminino
DEINTER 2,SEC Jundiaí,Campo Limpo Paulista,DM - Campo Limpo Pta.,1,1,70402,12,2020,12/21/2020,3137,2020,CAMPO LIMPO PAULISTA,DEL.POL.CAMPO LIMPO PAULISTA,DEL.SEC.JUNDIAI,DEINTER 2 - CAMPINAS,12/21/2020,05:50:00 AM,Residência,DA VEDAÇÃO DA DIVULGAÇÃO DOS DADOS RELATIVOS ,,,,Vítima,Feminino,47,5/3/1973,Parda,NAO INFORMADA,HOMICÍDIO DOLOSO,Feminicídio-contra a mulher por razões da condição de sexo feminino
DEINTER 2,SEC Jundiaí,Jundiaí,003 DP - Jundiai,1,1,70946,12,2020,12/6/2020,3247,2020,JUNDIAI,PLANTÃO - 01º D.P. JUNDIAI,DEL.SEC.JUNDIAI,DEINTER 2 - CAMPINAS,12/6/2020,04:00:00 PM,Residência,DA VEDAÇÃO DA DIVULGAÇÃO DOS DADOS RELATIVOS ,,,,Vítima,Feminino,23,7/30/1997,Branca,NAO INFORMADA,HOMICÍDIO DOLOSO,Feminicídio-contra a mulher por razões da condição de sexo feminino
DEINTER 3,SEC Sertãozinho,Sertãozinho,DM - Sertãozinho,1,1,100902,12,2020,12/21/2020,192,2020,SERTAOZINHO,DEL.INV.GER. SERTÃOZINHO,DEL.SEC.SERTÃOZINHO,DEINTER 3 - RIBEIRAO PRETO,12/21/2020,EM HORA INCERTA,Residência,DA VEDAÇÃO DA DIVULGAÇÃO DOS DADOS RELATIVOS ,,,,Vítima,Feminino,38,6/29/1982,Parda,NAO INFORMADA,HOMICÍDIO DOLOSO,Feminicídio-contra a mulher por razões da condição de sexo feminino
DEINTER 4,SEC Bauru,Pirajuí,DM - Pirajui,1,1,60111,12,2020,12/3/2020,784,2020,PIRAJUI,DEL.POL.PIRAJUI,DEL.SEC.BAURU,DEINTER 4 - BAURU,12/3/2020,10:45:00 AM,Residência,DA VEDAÇÃO DA DIVULGAÇÃO DOS DADOS RELATIVOS ,,,,Vítima,Feminino,53,6/23/1967,Branca,PRENDAS DOMESTICAS,HOMICÍDIO DOLOSO,Feminicídio-contra a mulher por razões da condição de sexo feminino
DEINTER 4,SEC Jaú,Dois Córregos,DM - Dois Córregos,1,1,60406,12,2020,12/5/2020,5488,2020,JAU,CPJ JAU,DEL.SEC.JAU,DEINTER 4 - BAURU,12/4/2020,PELA MANHÃ,Residência,DA VEDAÇÃO DA DIVULGAÇÃO DOS DADOS RELATIVOS ,,,,Vítima,Feminino,29,11/23/1991,Branca,ESTAGIARIO(A),HOMICÍDIO DOLOSO,Feminicídio-contra a mulher por razões da condição de sexo feminino
DEINTER 5,SEC Novo Horizonte,Itajobi,DM - Itajobi,1,1,110106,12,2020,12/9/2020,828,2020,ITAJOBI,DEL.POL.ITAJOBI,DEL.SEC.NOVO HORIZONTE,DEINTER 5 - SAO JOSE DO RIO PRETO,12/9/2020,06:15:00 AM,Via pública,RUA estevan peres alvarez,135,-21.3035825159999,-49.063080285,Vítima,Feminino,25,2/20/1995,Parda,NULL,HOMICÍDIO DOLOSO,Feminicídio-contra a mulher por razões da condição de sexo feminino
DEINTER 8,SEC Presidente Prudente,Presidente Prudente,001 DP - Presidente Prudente,1,1,90500,12,2020,12/2/2020,6491,2020,PRESIDENTE PRUDENTE,DEL.SEC.PRES.PRUDENTE PLANTÃO,DEL.SEC.PRESIDENTE PRUDENTE,DEINTER 8 - PRESIDENTE PRUDENTE,12/2/2020,06:30:00 AM,Residência,DA VEDAÇÃO DA DIVULGAÇÃO DOS DADOS RELATIVOS ,,,,Vítima,Feminino,37,2/26/1983,Branca,EMPREGADO DOMESTICO,HOMICÍDIO DOLOSO,Feminicídio-contra a mulher por razões da condição de sexo feminino
DEINTER 9,SEC Limeira,Leme,002 DP - Leme,1,1,70807,12,2020,12/25/2020,6712,2020,LEME,DEL.POL.LEME,DEL.SEC.LIMEIRA,DEINTER 9 - PIRACICABA,12/25/2020,02:10:00 PM,Residência,DA VEDAÇÃO DA DIVULGAÇÃO DOS DADOS RELATIVOS ,,,,Vítima,Feminino,34,12/27/1985,Branca,AJUDANTE GERAL,HOMICÍDIO DOLOSO,Feminicídio-contra a mulher por razões da condição de sexo feminino
DEMACRO,SEC Mogi das Cruzes,Poá,DM - Poá,1,1,30117,12,2020,12/28/2020,2830,2020,RIBEIRAO PIRES,DEL.POL.RPIRES DR.EVANDRO LIMA,DEL.SEC.SANTO ANDRÉ,DEMACRO,12/28/2020,01:30:00 AM,Via pública,RUA JORGE TOME,427,-23.548486319125,-46.35003212425,Vítima,Feminino,37,10/1/1983,Preta,OPERADOR(A) TELEMARKETING,HOMICÍDIO DOLOSO,Feminicídio-contra a mulher por razões da condição de sexo feminino
DEMACRO,SEC Mogi das Cruzes,Suzano,002 DP - Suzano,1,1,30304,12,2020,12/21/2020,7889,2020,ITAQUAQUECETUBA,DEL.POL.ITAQUAQUECETUBA,DEL.SEC.MOGI DAS CRUZES,DEMACRO,12/21/2020,PELA MANHÃ,Via pública,ESTRADA DO MARENGO,261,-23.5002277627911,-46.3004395389564,Vítima,Feminino,29,8/18/1991,Preta,BABÁ,HOMICÍDIO DOLOSO,Feminicídio-contra a mulher por razões da condição de sexo feminino
DEMACRO,SEC Osasco,Osasco,010 DP - Osasco,1,1,30418,12,2020,12/11/2020,3971,2020,OSASCO,05º D.P. OSASCO,DEL.SEC.OSASCO,DEMACRO,12/11/2020,06:00:00 AM,Residência,DA VEDAÇÃO DA DIVULGAÇÃO DOS DADOS RELATIVOS ,,,,Vítima,Feminino,26,11/29/1994,Branca,AUXILIAR DE LIMPEZA,HOMICÍDIO DOLOSO,Feminicídio-contra a mulher por razões da condição de sexo feminino
DEMACRO,SEC Osasco,Osasco,010 DP - Osasco,,1,30418,12,2020,12/11/2020,3971,2020,OSASCO,05º D.P. OSASCO,DEL.SEC.OSASCO,DEMACRO,12/11/2020,06:00:00 AM,Residência,DA VEDAÇÃO DA DIVULGAÇÃO DOS DADOS RELATIVOS ,,,,Vítima,Feminino,5,5/19/2015,Branca,NAO INFORMADA,HOMICÍDIO DOLOSO,Feminicídio-contra a mulher por razões da condição de sexo feminino
